image_id,name,RA [deg],DEC [deg],type,grading,grading_group,label,cutout_url,file_path,download_status,http_status,width,height,error
probable_0001,J2325+0016,351.26492,0.26941,galaxy,probable,probable,1,https://www.legacysurvey.org/viewer/jpeg-cutout?ra=351.26492&dec=0.26941&layer=ls-dr10&size=128&pixscale=0.262,D:\MSc Data and Computational Science\Gravitational Lensing\Gravitational_Lensing_Project\projects-ahana-vaishnav-ahanabhattacharji-Strong-Gravitational-Lens-Finding-Challenge\Real Data pipeline\data\raw\probable\probable_0001.jpg,already_downloaded,,,,
probable_0002,CFHTLS-CL-J142024+525700,215.10167,52.95006,galaxy,probable,probable,1,https://www.legacysurvey.org/viewer/jpeg-cutout?ra=215.10167&dec=52.95006&layer=ls-dr10&size=128&pixscale=0.262,D:\MSc Data and Computational Science\Gravitational Lensing\Gravitational_Lensing_Project\projects-ahana-vaishnav-ahanabhattacharji-Strong-Gravitational-Lens-Finding-Challenge\Real Data pipeline\data\raw\probable\probable_0002.jpg,already_downloaded,,,,
probable_0003,NSCS J001207+030605,3.02838,3.10123,galaxy,probable,probable,1,https://www.legacysurvey.org/viewer/jpeg-cutout?ra=3.02838&dec=3.10123&layer=ls-dr10&size=128&pixscale=0.262,D:\MSc Data and Computational Science\Gravitational Lensing\Gravitational_Lensing_Project\projects-ahana-vaishnav-ahanabhattacharji-Strong-Gravitational-Lens-Finding-Challenge\Real Data pipeline\data\raw\probable\probable_0003.jpg,already_downloaded,,,,
probable_0004,DESI-251.1722+04.9724,251.17221,4.9724,galaxy,probable,probable,1,https://www.legacysurvey.org/viewer/jpeg-cutout?ra=251.17221&dec=4.9724&layer=ls-dr10&size=128&pixscale=0.262,D:\MSc Data and Computational Science\Gravitational Lensing\Gravitational_Lensing_Project\projects-ahana-vaishnav-ahanabhattacharji-Strong-Gravitational-Lens-Finding-Challenge\Real Data pipeline\data\raw\probable\probable_0004.jpg,already_downloaded,,,,
probable_0005,972,217.23833,-12.52,galaxy,probable,probable,1,https://www.legacysurvey.org/viewer/jpeg-cutout?ra=217.23833&dec=-12.52&layer=ls-dr10&size=128&pixscale=0.262,D:\MSc Data and Computational Science\Gravitational Lensing\Gravitational_Lensing_Project\projects-ahana-vaishnav-ahanabhattacharji-Strong-Gravitational-Lens-Finding-Challenge\Real Data pipeline\data\raw\probable\probable_0005.jpg,already_downloaded,,,,
probable_0006,DELJ104337-404242,160.90708,-40.71192,galaxy,probable,probable,1,https://www.legacysurvey.org/viewer/jpeg-cutout?ra=160.90708&dec=-40.71192&layer=ls-dr10&size=128&pixscale=0.262,D:\MSc Data and Computational Science\Gravitational Lensing\Gravitational_Lensing_Project\projects-ahana-vaishnav-ahanabhattacharji-Strong-Gravitational-Lens-Finding-Challenge\Real Data pipeline\data\raw\probable\probable_0006.jpg,already_downloaded,,,,
probable_0007,NSCS J150911+390019,227.29688,39.00503,galaxy,probable,probable,1,https://www.legacysurvey.org/viewer/jpeg-cutout?ra=227.29688&dec=39.00503&layer=ls-dr10&size=128&pixscale=0.262,D:\MSc Data and Computational Science\Gravitational Lensing\Gravitational_Lensing_Project\projects-ahana-vaishnav-ahanabhattacharji-Strong-Gravitational-Lens-Finding-Challenge\Real Data pipeline\data\raw\probable\probable_0007.jpg,already_downloaded,,,,
probable_0008,8571898 | DES J022142-384523,35.42764,-38.75646,galaxy,probable,probable,1,https://www.legacysurvey.org/viewer/jpeg-cutout?ra=35.42764&dec=-38.75646&layer=ls-dr10&size=128&pixscale=0.262,D:\MSc Data and Computational Science\Gravitational Lensing\Gravitational_Lensing_Project\projects-ahana-vaishnav-ahanabhattacharji-Strong-Gravitational-Lens-Finding-Challenge\Real Data pipeline\data\raw\probable\probable_0008.jpg,already_downloaded,,,,
probable_0009,DES J001744-630023,4.43433,-63.00652,galaxy,probable,probable,1,https://www.legacysurvey.org/viewer/jpeg-cutout?ra=4.43433&dec=-63.00652&layer=ls-dr10&size=128&pixscale=0.262,D:\MSc Data and Computational Science\Gravitational Lensing\Gravitational_Lensing_Project\projects-ahana-vaishnav-ahanabhattacharji-Strong-Gravitational-Lens-Finding-Challenge\Real Data pipeline\data\raw\probable\probable_0009.jpg,already_downloaded,,,,
probable_0010,J1444-0240 | 388,221.12554,-2.66892,galaxy,probable,probable,1,https://www.legacysurvey.org/viewer/jpeg-cutout?ra=221.12554&dec=-2.66892&layer=ls-dr10&size=128&pixscale=0.262,D:\MSc Data and Computational Science\Gravitational Lensing\Gravitational_Lensing_Project\projects-ahana-vaishnav-ahanabhattacharji-Strong-Gravitational-Lens-Finding-Challenge\Real Data pipeline\data\raw\probable\probable_0010.jpg,already_downloaded,,,,
probable_0011,NSCS J130845+360431,197.18629,36.07507,galaxy,probable,probable,1,https://www.legacysurvey.org/viewer/jpeg-cutout?ra=197.18629&dec=36.07507&layer=ls-dr10&size=128&pixscale=0.262,D:\MSc Data and Computational Science\Gravitational Lensing\Gravitational_Lensing_Project\projects-ahana-vaishnav-ahanabhattacharji-Strong-Gravitational-Lens-Finding-Challenge\Real Data pipeline\data\raw\probable\probable_0011.jpg,already_downloaded,,,,
probable_0012,NSCS J115423+342922,178.59542,34.48927,galaxy,probable,probable,1,https://www.legacysurvey.org/viewer/jpeg-cutout?ra=178.59542&dec=34.48927&layer=ls-dr10&size=128&pixscale=0.262,D:\MSc Data and Computational Science\Gravitational Lensing\Gravitational_Lensing_Project\projects-ahana-vaishnav-ahanabhattacharji-Strong-Gravitational-Lens-Finding-Challenge\Real Data pipeline\data\raw\probable\probable_0012.jpg,already_downloaded,,,,
probable_0013,NSCS J113207+444713,173.02717,44.78675,galaxy,probable,probable,1,https://www.legacysurvey.org/viewer/jpeg-cutout?ra=173.02717&dec=44.78675&layer=ls-dr10&size=128&pixscale=0.262,D:\MSc Data and Computational Science\Gravitational Lensing\Gravitational_Lensing_Project\projects-ahana-vaishnav-ahanabhattacharji-Strong-Gravitational-Lens-Finding-Challenge\Real Data pipeline\data\raw\probable\probable_0013.jpg,already_downloaded,,,,
probable_0014,NSCS J002718+060518,6.82325,6.08828,galaxy,probable,probable,1,https://www.legacysurvey.org/viewer/jpeg-cutout?ra=6.82325&dec=6.08828&layer=ls-dr10&size=128&pixscale=0.262,D:\MSc Data and Computational Science\Gravitational Lensing\Gravitational_Lensing_Project\projects-ahana-vaishnav-ahanabhattacharji-Strong-Gravitational-Lens-Finding-Challenge\Real Data pipeline\data\raw\probable\probable_0014.jpg,already_downloaded,,,,
probable_0015,NSCS J152244+423419,230.68237,42.57188,galaxy,probable,probable,1,https://www.legacysurvey.org/viewer/jpeg-cutout?ra=230.68237&dec=42.57188&layer=ls-dr10&size=128&pixscale=0.262,D:\MSc Data and Computational Science\Gravitational Lensing\Gravitational_Lensing_Project\projects-ahana-vaishnav-ahanabhattacharji-Strong-Gravitational-Lens-Finding-Challenge\Real Data pipeline\data\raw\probable\probable_0015.jpg,already_downloaded,,,,
probable_0016,DESI-031.1304-19.3899,31.13042,-19.3899,galaxy,probable,probable,1,https://www.legacysurvey.org/viewer/jpeg-cutout?ra=31.13042&dec=-19.3899&layer=ls-dr10&size=128&pixscale=0.262,D:\MSc Data and Computational Science\Gravitational Lensing\Gravitational_Lensing_Project\projects-ahana-vaishnav-ahanabhattacharji-Strong-Gravitational-Lens-Finding-Challenge\Real Data pipeline\data\raw\probable\probable_0016.jpg,already_downloaded,,,,
probable_0017,J2311+0451 | 253,347.88029,4.85177,galaxy,probable,probable,1,https://www.legacysurvey.org/viewer/jpeg-cutout?ra=347.88029&dec=4.85177&layer=ls-dr10&size=128&pixscale=0.262,D:\MSc Data and Computational Science\Gravitational Lensing\Gravitational_Lensing_Project\projects-ahana-vaishnav-ahanabhattacharji-Strong-Gravitational-Lens-Finding-Challenge\Real Data pipeline\data\raw\probable\probable_0017.jpg,already_downloaded,,,,
probable_0018,NSCS J125927+363740,194.86112,36.62774,galaxy,probable,probable,1,https://www.legacysurvey.org/viewer/jpeg-cutout?ra=194.86112&dec=36.62774&layer=ls-dr10&size=128&pixscale=0.262,D:\MSc Data and Computational Science\Gravitational Lensing\Gravitational_Lensing_Project\projects-ahana-vaishnav-ahanabhattacharji-Strong-Gravitational-Lens-Finding-Challenge\Real Data pipeline\data\raw\probable\probable_0018.jpg,already_downloaded,,,,
probable_0019,DESI-206.0760+23.4079,206.076,23.40791,galaxy,probable,probable,1,https://www.legacysurvey.org/viewer/jpeg-cutout?ra=206.076&dec=23.40791&layer=ls-dr10&size=128&pixscale=0.262,D:\MSc Data and Computational Science\Gravitational Lensing\Gravitational_Lensing_Project\projects-ahana-vaishnav-ahanabhattacharji-Strong-Gravitational-Lens-Finding-Challenge\Real Data pipeline\data\raw\probable\probable_0019.jpg,already_downloaded,,,,
probable_0020,NSCS J002723+110142,6.84746,11.02819,galaxy,probable,probable,1,https://www.legacysurvey.org/viewer/jpeg-cutout?ra=6.84746&dec=11.02819&layer=ls-dr10&size=128&pixscale=0.262,D:\MSc Data and Computational Science\Gravitational Lensing\Gravitational_Lensing_Project\projects-ahana-vaishnav-ahanabhattacharji-Strong-Gravitational-Lens-Finding-Challenge\Real Data pipeline\data\raw\probable\probable_0020.jpg,already_downloaded,,,,
probable_0021,RXJ1621.4,245.35333,38.16917,galaxy,probable,probable,1,https://www.legacysurvey.org/viewer/jpeg-cutout?ra=245.35333&dec=38.16917&layer=ls-dr10&size=128&pixscale=0.262,D:\MSc Data and Computational Science\Gravitational Lensing\Gravitational_Lensing_Project\projects-ahana-vaishnav-ahanabhattacharji-Strong-Gravitational-Lens-Finding-Challenge\Real Data pipeline\data\raw\probable\probable_0021.jpg,already_downloaded,,,,
probable_0022,090337+012513,135.907596,1.420495,galaxy,probable,probable,1,https://www.legacysurvey.org/viewer/jpeg-cutout?ra=135.907596&dec=1.420495&layer=ls-dr10&size=128&pixscale=0.262,D:\MSc Data and Computational Science\Gravitational Lensing\Gravitational_Lensing_Project\projects-ahana-vaishnav-ahanabhattacharji-Strong-Gravitational-Lens-Finding-Challenge\Real Data pipeline\data\raw\probable\probable_0022.jpg,already_downloaded,,,,
probable_0023,A1722         ,199.997,70.073,galaxy,probable,probable,1,https://www.legacysurvey.org/viewer/jpeg-cutout?ra=199.997&dec=70.073&layer=ls-dr10&size=128&pixscale=0.262,D:\MSc Data and Computational Science\Gravitational Lensing\Gravitational_Lensing_Project\projects-ahana-vaishnav-ahanabhattacharji-Strong-Gravitational-Lens-Finding-Challenge\Real Data pipeline\data\raw\probable\probable_0023.jpg,already_downloaded,,,,
probable_0024,SA37 | SL2SJ022043-105216,35.17962,-10.87124,galaxy,probable,probable,1,https://www.legacysurvey.org/viewer/jpeg-cutout?ra=35.17962&dec=-10.87124&layer=ls-dr10&size=128&pixscale=0.262,D:\MSc Data and Computational Science\Gravitational Lensing\Gravitational_Lensing_Project\projects-ahana-vaishnav-ahanabhattacharji-Strong-Gravitational-Lens-Finding-Challenge\Real Data pipeline\data\raw\probable\probable_0024.jpg,already_downloaded,,,,
probable_0025,222246+041813,335.69316,4.30375,galaxy,probable,probable,1,https://www.legacysurvey.org/viewer/jpeg-cutout?ra=335.69316&dec=4.30375&layer=ls-dr10&size=128&pixscale=0.262,D:\MSc Data and Computational Science\Gravitational Lensing\Gravitational_Lensing_Project\projects-ahana-vaishnav-ahanabhattacharji-Strong-Gravitational-Lens-Finding-Challenge\Real Data pipeline\data\raw\probable\probable_0025.jpg,already_downloaded,,,,
probable_0026,DESI-080.2860-18.3170,80.286,-18.317,galaxy,probable,probable,1,https://www.legacysurvey.org/viewer/jpeg-cutout?ra=80.286&dec=-18.317&layer=ls-dr10&size=128&pixscale=0.262,D:\MSc Data and Computational Science\Gravitational Lensing\Gravitational_Lensing_Project\projects-ahana-vaishnav-ahanabhattacharji-Strong-Gravitational-Lens-Finding-Challenge\Real Data pipeline\data\raw\probable\probable_0026.jpg,already_downloaded,,,,
probable_0027,140252+023101,210.717677,2.517122,galaxy,probable,probable,1,https://www.legacysurvey.org/viewer/jpeg-cutout?ra=210.717677&dec=2.517122&layer=ls-dr10&size=128&pixscale=0.262,D:\MSc Data and Computational Science\Gravitational Lensing\Gravitational_Lensing_Project\projects-ahana-vaishnav-ahanabhattacharji-Strong-Gravitational-Lens-Finding-Challenge\Real Data pipeline\data\raw\probable\probable_0027.jpg,already_downloaded,,,,
probable_0028,NSCS J142640+420652,216.66479,42.11425,galaxy,probable,probable,1,https://www.legacysurvey.org/viewer/jpeg-cutout?ra=216.66479&dec=42.11425&layer=ls-dr10&size=128&pixscale=0.262,D:\MSc Data and Computational Science\Gravitational Lensing\Gravitational_Lensing_Project\projects-ahana-vaishnav-ahanabhattacharji-Strong-Gravitational-Lens-Finding-Challenge\Real Data pipeline\data\raw\probable\probable_0028.jpg,already_downloaded,,,,
probable_0029,NSCS J024422+013327,41.09254,1.5573,galaxy,probable,probable,1,https://www.legacysurvey.org/viewer/jpeg-cutout?ra=41.09254&dec=1.5573&layer=ls-dr10&size=128&pixscale=0.262,D:\MSc Data and Computational Science\Gravitational Lensing\Gravitational_Lensing_Project\projects-ahana-vaishnav-ahanabhattacharji-Strong-Gravitational-Lens-Finding-Challenge\Real Data pipeline\data\raw\probable\probable_0029.jpg,already_downloaded,,,,
probable_0030,7056621,342.57587,-31.90962,galaxy,probable,probable,1,https://www.legacysurvey.org/viewer/jpeg-cutout?ra=342.57587&dec=-31.90962&layer=ls-dr10&size=128&pixscale=0.262,D:\MSc Data and Computational Science\Gravitational Lensing\Gravitational_Lensing_Project\projects-ahana-vaishnav-ahanabhattacharji-Strong-Gravitational-Lens-Finding-Challenge\Real Data pipeline\data\raw\probable\probable_0030.jpg,already_downloaded,,,,
probable_0031,DESI-067.6743-45.3709,67.67433,-45.37088,galaxy,probable,probable,1,https://www.legacysurvey.org/viewer/jpeg-cutout?ra=67.67433&dec=-45.37088&layer=ls-dr10&size=128&pixscale=0.262,D:\MSc Data and Computational Science\Gravitational Lensing\Gravitational_Lensing_Project\projects-ahana-vaishnav-ahanabhattacharji-Strong-Gravitational-Lens-Finding-Challenge\Real Data pipeline\data\raw\probable\probable_0031.jpg,already_downloaded,,,,
probable_0032,NSCS J122133+005854,185.38871,0.98148,galaxy,probable,probable,1,https://www.legacysurvey.org/viewer/jpeg-cutout?ra=185.38871&dec=0.98148&layer=ls-dr10&size=128&pixscale=0.262,D:\MSc Data and Computational Science\Gravitational Lensing\Gravitational_Lensing_Project\projects-ahana-vaishnav-ahanabhattacharji-Strong-Gravitational-Lens-Finding-Challenge\Real Data pipeline\data\raw\probable\probable_0032.jpg,already_downloaded,,,,
probable_0033,DELJ153131-151950,232.87958,-15.33057,galaxy,probable,probable,1,https://www.legacysurvey.org/viewer/jpeg-cutout?ra=232.87958&dec=-15.33057&layer=ls-dr10&size=128&pixscale=0.262,D:\MSc Data and Computational Science\Gravitational Lensing\Gravitational_Lensing_Project\projects-ahana-vaishnav-ahanabhattacharji-Strong-Gravitational-Lens-Finding-Challenge\Real Data pipeline\data\raw\probable\probable_0033.jpg,already_downloaded,,,,
probable_0034,DESI-056.5861-09.6696,56.58608,-9.6696,galaxy,probable,probable,1,https://www.legacysurvey.org/viewer/jpeg-cutout?ra=56.58608&dec=-9.6696&layer=ls-dr10&size=128&pixscale=0.262,D:\MSc Data and Computational Science\Gravitational Lensing\Gravitational_Lensing_Project\projects-ahana-vaishnav-ahanabhattacharji-Strong-Gravitational-Lens-Finding-Challenge\Real Data pipeline\data\raw\probable\probable_0034.jpg,already_downloaded,,,,
probable_0035,NSCS J121238+362732,183.15754,36.4586,galaxy,probable,probable,1,https://www.legacysurvey.org/viewer/jpeg-cutout?ra=183.15754&dec=36.4586&layer=ls-dr10&size=128&pixscale=0.262,D:\MSc Data and Computational Science\Gravitational Lensing\Gravitational_Lensing_Project\projects-ahana-vaishnav-ahanabhattacharji-Strong-Gravitational-Lens-Finding-Challenge\Real Data pipeline\data\raw\probable\probable_0035.jpg,already_downloaded,,,,
probable_0036,NSCS J120016+360938,180.06633,36.16032,galaxy,probable,probable,1,https://www.legacysurvey.org/viewer/jpeg-cutout?ra=180.06633&dec=36.16032&layer=ls-dr10&size=128&pixscale=0.262,D:\MSc Data and Computational Science\Gravitational Lensing\Gravitational_Lensing_Project\projects-ahana-vaishnav-ahanabhattacharji-Strong-Gravitational-Lens-Finding-Challenge\Real Data pipeline\data\raw\probable\probable_0036.jpg,already_downloaded,,,,
probable_0037,37977112 | DESI-317.2522+06.9301,317.25164,6.92968,galaxy,probable,probable,1,https://www.legacysurvey.org/viewer/jpeg-cutout?ra=317.25164&dec=6.92968&layer=ls-dr10&size=128&pixscale=0.262,D:\MSc Data and Computational Science\Gravitational Lensing\Gravitational_Lensing_Project\projects-ahana-vaishnav-ahanabhattacharji-Strong-Gravitational-Lens-Finding-Challenge\Real Data pipeline\data\raw\probable\probable_0037.jpg,already_downloaded,,,,
probable_0038,NSCS J004930+014853,12.37642,1.81443,galaxy,probable,probable,1,https://www.legacysurvey.org/viewer/jpeg-cutout?ra=12.37642&dec=1.81443&layer=ls-dr10&size=128&pixscale=0.262,D:\MSc Data and Computational Science\Gravitational Lensing\Gravitational_Lensing_Project\projects-ahana-vaishnav-ahanabhattacharji-Strong-Gravitational-Lens-Finding-Challenge\Real Data pipeline\data\raw\probable\probable_0038.jpg,already_downloaded,,,,
probable_0039,NSCS J122314+223224,185.808,22.53989,galaxy,probable,probable,1,https://www.legacysurvey.org/viewer/jpeg-cutout?ra=185.808&dec=22.53989&layer=ls-dr10&size=128&pixscale=0.262,D:\MSc Data and Computational Science\Gravitational Lensing\Gravitational_Lensing_Project\projects-ahana-vaishnav-ahanabhattacharji-Strong-Gravitational-Lens-Finding-Challenge\Real Data pipeline\data\raw\probable\probable_0039.jpg,already_downloaded,,,,
probable_0040,DESI-322.0300+17.0328,322.03004,17.03282,galaxy,probable,probable,1,https://www.legacysurvey.org/viewer/jpeg-cutout?ra=322.03004&dec=17.03282&layer=ls-dr10&size=128&pixscale=0.262,D:\MSc Data and Computational Science\Gravitational Lensing\Gravitational_Lensing_Project\projects-ahana-vaishnav-ahanabhattacharji-Strong-Gravitational-Lens-Finding-Challenge\Real Data pipeline\data\raw\probable\probable_0040.jpg,already_downloaded,,,,
probable_0041,NSCS J133248+374614,203.19967,37.77047,galaxy,probable,probable,1,https://www.legacysurvey.org/viewer/jpeg-cutout?ra=203.19967&dec=37.77047&layer=ls-dr10&size=128&pixscale=0.262,D:\MSc Data and Computational Science\Gravitational Lensing\Gravitational_Lensing_Project\projects-ahana-vaishnav-ahanabhattacharji-Strong-Gravitational-Lens-Finding-Challenge\Real Data pipeline\data\raw\probable\probable_0041.jpg,already_downloaded,,,,
probable_0042,J1334+0137 | 2066,203.54367,1.6266,galaxy,probable,probable,1,https://www.legacysurvey.org/viewer/jpeg-cutout?ra=203.54367&dec=1.6266&layer=ls-dr10&size=128&pixscale=0.262,D:\MSc Data and Computational Science\Gravitational Lensing\Gravitational_Lensing_Project\projects-ahana-vaishnav-ahanabhattacharji-Strong-Gravitational-Lens-Finding-Challenge\Real Data pipeline\data\raw\probable\probable_0042.jpg,already_downloaded,,,,
probable_0043,34,153.32083,-11.65583,galaxy,probable,probable,1,https://www.legacysurvey.org/viewer/jpeg-cutout?ra=153.32083&dec=-11.65583&layer=ls-dr10&size=128&pixscale=0.262,D:\MSc Data and Computational Science\Gravitational Lensing\Gravitational_Lensing_Project\projects-ahana-vaishnav-ahanabhattacharji-Strong-Gravitational-Lens-Finding-Challenge\Real Data pipeline\data\raw\probable\probable_0043.jpg,already_downloaded,,,,
probable_0044,NSCS J010404+063403,16.01575,6.56745,galaxy,probable,probable,1,https://www.legacysurvey.org/viewer/jpeg-cutout?ra=16.01575&dec=6.56745&layer=ls-dr10&size=128&pixscale=0.262,D:\MSc Data and Computational Science\Gravitational Lensing\Gravitational_Lensing_Project\projects-ahana-vaishnav-ahanabhattacharji-Strong-Gravitational-Lens-Finding-Challenge\Real Data pipeline\data\raw\probable\probable_0044.jpg,already_downloaded,,,,
probable_0045,A1767,204.032,59.211,galaxy,probable,probable,1,https://www.legacysurvey.org/viewer/jpeg-cutout?ra=204.032&dec=59.211&layer=ls-dr10&size=128&pixscale=0.262,D:\MSc Data and Computational Science\Gravitational Lensing\Gravitational_Lensing_Project\projects-ahana-vaishnav-ahanabhattacharji-Strong-Gravitational-Lens-Finding-Challenge\Real Data pipeline\data\raw\probable\probable_0045.jpg,already_downloaded,,,,
probable_0046,J0122-4442,20.56325,-44.7163,galaxy,probable,probable,1,https://www.legacysurvey.org/viewer/jpeg-cutout?ra=20.56325&dec=-44.7163&layer=ls-dr10&size=128&pixscale=0.262,D:\MSc Data and Computational Science\Gravitational Lensing\Gravitational_Lensing_Project\projects-ahana-vaishnav-ahanabhattacharji-Strong-Gravitational-Lens-Finding-Challenge\Real Data pipeline\data\raw\probable\probable_0046.jpg,already_downloaded,,,,
probable_0047,NSCS J003138+121014,7.90858,12.1705,galaxy,probable,probable,1,https://www.legacysurvey.org/viewer/jpeg-cutout?ra=7.90858&dec=12.1705&layer=ls-dr10&size=128&pixscale=0.262,D:\MSc Data and Computational Science\Gravitational Lensing\Gravitational_Lensing_Project\projects-ahana-vaishnav-ahanabhattacharji-Strong-Gravitational-Lens-Finding-Challenge\Real Data pipeline\data\raw\probable\probable_0047.jpg,already_downloaded,,,,
probable_0048,DESI-238.7150+17.4694,238.715,17.46938,galaxy,probable,probable,1,https://www.legacysurvey.org/viewer/jpeg-cutout?ra=238.715&dec=17.46938&layer=ls-dr10&size=128&pixscale=0.262,D:\MSc Data and Computational Science\Gravitational Lensing\Gravitational_Lensing_Project\projects-ahana-vaishnav-ahanabhattacharji-Strong-Gravitational-Lens-Finding-Challenge\Real Data pipeline\data\raw\probable\probable_0048.jpg,already_downloaded,,,,
probable_0049,J0240+0309,40.04125,3.1646,galaxy,probable,probable,1,https://www.legacysurvey.org/viewer/jpeg-cutout?ra=40.04125&dec=3.1646&layer=ls-dr10&size=128&pixscale=0.262,D:\MSc Data and Computational Science\Gravitational Lensing\Gravitational_Lensing_Project\projects-ahana-vaishnav-ahanabhattacharji-Strong-Gravitational-Lens-Finding-Challenge\Real Data pipeline\data\raw\probable\probable_0049.jpg,already_downloaded,,,,
probable_0050,NSCS J004457+092405,11.23854,9.40118,galaxy,probable,probable,1,https://www.legacysurvey.org/viewer/jpeg-cutout?ra=11.23854&dec=9.40118&layer=ls-dr10&size=128&pixscale=0.262,D:\MSc Data and Computational Science\Gravitational Lensing\Gravitational_Lensing_Project\projects-ahana-vaishnav-ahanabhattacharji-Strong-Gravitational-Lens-Finding-Challenge\Real Data pipeline\data\raw\probable\probable_0050.jpg,already_downloaded,,,,
probable_0051,J0038+2126 | 992,9.58571,21.43636,galaxy,probable,probable,1,https://www.legacysurvey.org/viewer/jpeg-cutout?ra=9.58571&dec=21.43636&layer=ls-dr10&size=128&pixscale=0.262,D:\MSc Data and Computational Science\Gravitational Lensing\Gravitational_Lensing_Project\projects-ahana-vaishnav-ahanabhattacharji-Strong-Gravitational-Lens-Finding-Challenge\Real Data pipeline\data\raw\probable\probable_0051.jpg,already_downloaded,,,,
probable_0052,J1735+0940,263.78737,9.67283,galaxy,probable,probable,1,https://www.legacysurvey.org/viewer/jpeg-cutout?ra=263.78737&dec=9.67283&layer=ls-dr10&size=128&pixscale=0.262,D:\MSc Data and Computational Science\Gravitational Lensing\Gravitational_Lensing_Project\projects-ahana-vaishnav-ahanabhattacharji-Strong-Gravitational-Lens-Finding-Challenge\Real Data pipeline\data\raw\probable\probable_0052.jpg,already_downloaded,,,,
probable_0053,4985052,89.23771,-50.15671,galaxy,probable,probable,1,https://www.legacysurvey.org/viewer/jpeg-cutout?ra=89.23771&dec=-50.15671&layer=ls-dr10&size=128&pixscale=0.262,D:\MSc Data and Computational Science\Gravitational Lensing\Gravitational_Lensing_Project\projects-ahana-vaishnav-ahanabhattacharji-Strong-Gravitational-Lens-Finding-Challenge\Real Data pipeline\data\raw\probable\probable_0053.jpg,already_downloaded,,,,
probable_0054,DESI-031.6468-08.8915,31.64675,-8.89153,galaxy,probable,probable,1,https://www.legacysurvey.org/viewer/jpeg-cutout?ra=31.64675&dec=-8.89153&layer=ls-dr10&size=128&pixscale=0.262,D:\MSc Data and Computational Science\Gravitational Lensing\Gravitational_Lensing_Project\projects-ahana-vaishnav-ahanabhattacharji-Strong-Gravitational-Lens-Finding-Challenge\Real Data pipeline\data\raw\probable\probable_0054.jpg,already_downloaded,,,,
probable_0055,RCS J092144+3729.5,140.43417,37.49214,galaxy,probable,probable,1,https://www.legacysurvey.org/viewer/jpeg-cutout?ra=140.43417&dec=37.49214&layer=ls-dr10&size=128&pixscale=0.262,D:\MSc Data and Computational Science\Gravitational Lensing\Gravitational_Lensing_Project\projects-ahana-vaishnav-ahanabhattacharji-Strong-Gravitational-Lens-Finding-Challenge\Real Data pipeline\data\raw\probable\probable_0055.jpg,already_downloaded,,,,
probable_0056,NSCS J151553+264505,228.97142,26.75126,galaxy,probable,probable,1,https://www.legacysurvey.org/viewer/jpeg-cutout?ra=228.97142&dec=26.75126&layer=ls-dr10&size=128&pixscale=0.262,D:\MSc Data and Computational Science\Gravitational Lensing\Gravitational_Lensing_Project\projects-ahana-vaishnav-ahanabhattacharji-Strong-Gravitational-Lens-Finding-Challenge\Real Data pipeline\data\raw\probable\probable_0056.jpg,already_downloaded,,,,
probable_0057,DESI-052.6724-34.0801,52.67246,-34.08014,galaxy,probable,probable,1,https://www.legacysurvey.org/viewer/jpeg-cutout?ra=52.67246&dec=-34.08014&layer=ls-dr10&size=128&pixscale=0.262,D:\MSc Data and Computational Science\Gravitational Lensing\Gravitational_Lensing_Project\projects-ahana-vaishnav-ahanabhattacharji-Strong-Gravitational-Lens-Finding-Challenge\Real Data pipeline\data\raw\probable\probable_0057.jpg,already_downloaded,,,,
probable_0058,J0202-6121,30.74525,-61.35367,galaxy,probable,probable,1,https://www.legacysurvey.org/viewer/jpeg-cutout?ra=30.74525&dec=-61.35367&layer=ls-dr10&size=128&pixscale=0.262,D:\MSc Data and Computational Science\Gravitational Lensing\Gravitational_Lensing_Project\projects-ahana-vaishnav-ahanabhattacharji-Strong-Gravitational-Lens-Finding-Challenge\Real Data pipeline\data\raw\probable\probable_0058.jpg,already_downloaded,,,,
probable_0059,SA85 | SL2SJ100215+023736,150.56187,2.6268,galaxy,probable,probable,1,https://www.legacysurvey.org/viewer/jpeg-cutout?ra=150.56187&dec=2.6268&layer=ls-dr10&size=128&pixscale=0.262,D:\MSc Data and Computational Science\Gravitational Lensing\Gravitational_Lensing_Project\projects-ahana-vaishnav-ahanabhattacharji-Strong-Gravitational-Lens-Finding-Challenge\Real Data pipeline\data\raw\probable\probable_0059.jpg,already_downloaded,,,,
probable_0060,HSCJ1143-0117,175.77492,-1.29133,galaxy,probable,probable,1,https://www.legacysurvey.org/viewer/jpeg-cutout?ra=175.77492&dec=-1.29133&layer=ls-dr10&size=128&pixscale=0.262,D:\MSc Data and Computational Science\Gravitational Lensing\Gravitational_Lensing_Project\projects-ahana-vaishnav-ahanabhattacharji-Strong-Gravitational-Lens-Finding-Challenge\Real Data pipeline\data\raw\probable\probable_0060.jpg,already_downloaded,,,,
probable_0061,RCS J092722+3804.3,141.84333,38.07267,galaxy,probable,probable,1,https://www.legacysurvey.org/viewer/jpeg-cutout?ra=141.84333&dec=38.07267&layer=ls-dr10&size=128&pixscale=0.262,D:\MSc Data and Computational Science\Gravitational Lensing\Gravitational_Lensing_Project\projects-ahana-vaishnav-ahanabhattacharji-Strong-Gravitational-Lens-Finding-Challenge\Real Data pipeline\data\raw\probable\probable_0061.jpg,already_downloaded,,,,
probable_0062,J0226-2346,36.677,-23.78023,galaxy,probable,probable,1,https://www.legacysurvey.org/viewer/jpeg-cutout?ra=36.677&dec=-23.78023&layer=ls-dr10&size=128&pixscale=0.262,D:\MSc Data and Computational Science\Gravitational Lensing\Gravitational_Lensing_Project\projects-ahana-vaishnav-ahanabhattacharji-Strong-Gravitational-Lens-Finding-Challenge\Real Data pipeline\data\raw\probable\probable_0062.jpg,already_downloaded,,,,
probable_0063,J1123-0247 | 2135,170.93825,-2.78502,galaxy,probable,probable,1,https://www.legacysurvey.org/viewer/jpeg-cutout?ra=170.93825&dec=-2.78502&layer=ls-dr10&size=128&pixscale=0.262,D:\MSc Data and Computational Science\Gravitational Lensing\Gravitational_Lensing_Project\projects-ahana-vaishnav-ahanabhattacharji-Strong-Gravitational-Lens-Finding-Challenge\Real Data pipeline\data\raw\probable\probable_0063.jpg,already_downloaded,,,,
probable_0064,DESI-356.5292+26.6619 | 19950854,356.52921,26.6619,galaxy,probable,probable,1,https://www.legacysurvey.org/viewer/jpeg-cutout?ra=356.52921&dec=26.6619&layer=ls-dr10&size=128&pixscale=0.262,D:\MSc Data and Computational Science\Gravitational Lensing\Gravitational_Lensing_Project\projects-ahana-vaishnav-ahanabhattacharji-Strong-Gravitational-Lens-Finding-Challenge\Real Data pipeline\data\raw\probable\probable_0064.jpg,already_downloaded,,,,
probable_0065,NSCS J144303+083211,220.76071,8.53612,galaxy,probable,probable,1,https://www.legacysurvey.org/viewer/jpeg-cutout?ra=220.76071&dec=8.53612&layer=ls-dr10&size=128&pixscale=0.262,D:\MSc Data and Computational Science\Gravitational Lensing\Gravitational_Lensing_Project\projects-ahana-vaishnav-ahanabhattacharji-Strong-Gravitational-Lens-Finding-Challenge\Real Data pipeline\data\raw\probable\probable_0065.jpg,already_downloaded,,,,
probable_0066,120436-001836,181.150593,-0.31026,galaxy,probable,probable,1,https://www.legacysurvey.org/viewer/jpeg-cutout?ra=181.150593&dec=-0.31026&layer=ls-dr10&size=128&pixscale=0.262,D:\MSc Data and Computational Science\Gravitational Lensing\Gravitational_Lensing_Project\projects-ahana-vaishnav-ahanabhattacharji-Strong-Gravitational-Lens-Finding-Challenge\Real Data pipeline\data\raw\probable\probable_0066.jpg,already_downloaded,,,,
probable_0067,NSCS J113422+192749,173.59146,19.4635,galaxy,probable,probable,1,https://www.legacysurvey.org/viewer/jpeg-cutout?ra=173.59146&dec=19.4635&layer=ls-dr10&size=128&pixscale=0.262,D:\MSc Data and Computational Science\Gravitational Lensing\Gravitational_Lensing_Project\projects-ahana-vaishnav-ahanabhattacharji-Strong-Gravitational-Lens-Finding-Challenge\Real Data pipeline\data\raw\probable\probable_0067.jpg,already_downloaded,,,,
probable_0068,J1217-1818,184.48179,-18.31039,galaxy,probable,probable,1,https://www.legacysurvey.org/viewer/jpeg-cutout?ra=184.48179&dec=-18.31039&layer=ls-dr10&size=128&pixscale=0.262,D:\MSc Data and Computational Science\Gravitational Lensing\Gravitational_Lensing_Project\projects-ahana-vaishnav-ahanabhattacharji-Strong-Gravitational-Lens-Finding-Challenge\Real Data pipeline\data\raw\probable\probable_0068.jpg,already_downloaded,,,,
probable_0069,HSCJ232451+002700,351.21625,0.4501,galaxy,probable,probable,1,https://www.legacysurvey.org/viewer/jpeg-cutout?ra=351.21625&dec=0.4501&layer=ls-dr10&size=128&pixscale=0.262,D:\MSc Data and Computational Science\Gravitational Lensing\Gravitational_Lensing_Project\projects-ahana-vaishnav-ahanabhattacharji-Strong-Gravitational-Lens-Finding-Challenge\Real Data pipeline\data\raw\probable\probable_0069.jpg,already_downloaded,,,,
probable_0070,DESI-148.8884+12.9734,148.88808,12.9734,galaxy,probable,probable,1,https://www.legacysurvey.org/viewer/jpeg-cutout?ra=148.88808&dec=12.9734&layer=ls-dr10&size=128&pixscale=0.262,D:\MSc Data and Computational Science\Gravitational Lensing\Gravitational_Lensing_Project\projects-ahana-vaishnav-ahanabhattacharji-Strong-Gravitational-Lens-Finding-Challenge\Real Data pipeline\data\raw\probable\probable_0070.jpg,already_downloaded,,,,
probable_0071,NSCS J115453+434115,178.72246,43.68725,galaxy,probable,probable,1,https://www.legacysurvey.org/viewer/jpeg-cutout?ra=178.72246&dec=43.68725&layer=ls-dr10&size=128&pixscale=0.262,D:\MSc Data and Computational Science\Gravitational Lensing\Gravitational_Lensing_Project\projects-ahana-vaishnav-ahanabhattacharji-Strong-Gravitational-Lens-Finding-Challenge\Real Data pipeline\data\raw\probable\probable_0071.jpg,already_downloaded,,,,
probable_0072,344,136.01546,3.58472,galaxy,probable,probable,1,https://www.legacysurvey.org/viewer/jpeg-cutout?ra=136.01546&dec=3.58472&layer=ls-dr10&size=128&pixscale=0.262,D:\MSc Data and Computational Science\Gravitational Lensing\Gravitational_Lensing_Project\projects-ahana-vaishnav-ahanabhattacharji-Strong-Gravitational-Lens-Finding-Challenge\Real Data pipeline\data\raw\probable\probable_0072.jpg,already_downloaded,,,,
probable_0073,J1357+5717,209.48267,57.28971,galaxy,probable,probable,1,https://www.legacysurvey.org/viewer/jpeg-cutout?ra=209.48267&dec=57.28971&layer=ls-dr10&size=128&pixscale=0.262,D:\MSc Data and Computational Science\Gravitational Lensing\Gravitational_Lensing_Project\projects-ahana-vaishnav-ahanabhattacharji-Strong-Gravitational-Lens-Finding-Challenge\Real Data pipeline\data\raw\probable\probable_0073.jpg,already_downloaded,,,,
probable_0074,RXCJ2158.3-2006,329.58375,-20.10444,galaxy,probable,probable,1,https://www.legacysurvey.org/viewer/jpeg-cutout?ra=329.58375&dec=-20.10444&layer=ls-dr10&size=128&pixscale=0.262,D:\MSc Data and Computational Science\Gravitational Lensing\Gravitational_Lensing_Project\projects-ahana-vaishnav-ahanabhattacharji-Strong-Gravitational-Lens-Finding-Challenge\Real Data pipeline\data\raw\probable\probable_0074.jpg,already_downloaded,,,,
probable_0075,NSCS J135832+291106,209.63312,29.18477,galaxy,probable,probable,1,https://www.legacysurvey.org/viewer/jpeg-cutout?ra=209.63312&dec=29.18477&layer=ls-dr10&size=128&pixscale=0.262,D:\MSc Data and Computational Science\Gravitational Lensing\Gravitational_Lensing_Project\projects-ahana-vaishnav-ahanabhattacharji-Strong-Gravitational-Lens-Finding-Challenge\Real Data pipeline\data\raw\probable\probable_0075.jpg,already_downloaded,,,,
probable_0076,NSCS J132808+342232,202.03112,34.37538,galaxy,probable,probable,1,https://www.legacysurvey.org/viewer/jpeg-cutout?ra=202.03112&dec=34.37538&layer=ls-dr10&size=128&pixscale=0.262,D:\MSc Data and Computational Science\Gravitational Lensing\Gravitational_Lensing_Project\projects-ahana-vaishnav-ahanabhattacharji-Strong-Gravitational-Lens-Finding-Challenge\Real Data pipeline\data\raw\probable\probable_0076.jpg,already_downloaded,,,,
probable_0077,NSCS J144153+465526,220.46992,46.92375,galaxy,probable,probable,1,https://www.legacysurvey.org/viewer/jpeg-cutout?ra=220.46992&dec=46.92375&layer=ls-dr10&size=128&pixscale=0.262,D:\MSc Data and Computational Science\Gravitational Lensing\Gravitational_Lensing_Project\projects-ahana-vaishnav-ahanabhattacharji-Strong-Gravitational-Lens-Finding-Challenge\Real Data pipeline\data\raw\probable\probable_0077.jpg,already_downloaded,,,,
probable_0078,RXCJ1512.2-2254,228.0525,-22.91639,galaxy,probable,probable,1,https://www.legacysurvey.org/viewer/jpeg-cutout?ra=228.0525&dec=-22.91639&layer=ls-dr10&size=128&pixscale=0.262,D:\MSc Data and Computational Science\Gravitational Lensing\Gravitational_Lensing_Project\projects-ahana-vaishnav-ahanabhattacharji-Strong-Gravitational-Lens-Finding-Challenge\Real Data pipeline\data\raw\probable\probable_0078.jpg,already_downloaded,,,,
probable_0079,J1038-0154 | 490,159.61279,-1.91201,galaxy,probable,probable,1,https://www.legacysurvey.org/viewer/jpeg-cutout?ra=159.61279&dec=-1.91201&layer=ls-dr10&size=128&pixscale=0.262,D:\MSc Data and Computational Science\Gravitational Lensing\Gravitational_Lensing_Project\projects-ahana-vaishnav-ahanabhattacharji-Strong-Gravitational-Lens-Finding-Challenge\Real Data pipeline\data\raw\probable\probable_0079.jpg,already_downloaded,,,,
probable_0080,NSCS J150201+225704,225.505,22.95091,galaxy,probable,probable,1,https://www.legacysurvey.org/viewer/jpeg-cutout?ra=225.505&dec=22.95091&layer=ls-dr10&size=128&pixscale=0.262,D:\MSc Data and Computational Science\Gravitational Lensing\Gravitational_Lensing_Project\projects-ahana-vaishnav-ahanabhattacharji-Strong-Gravitational-Lens-Finding-Challenge\Real Data pipeline\data\raw\probable\probable_0080.jpg,already_downloaded,,,,
probable_0081,141 | J1537-0052,234.48146,-0.88242,galaxy,probable,probable,1,https://www.legacysurvey.org/viewer/jpeg-cutout?ra=234.48146&dec=-0.88242&layer=ls-dr10&size=128&pixscale=0.262,D:\MSc Data and Computational Science\Gravitational Lensing\Gravitational_Lensing_Project\projects-ahana-vaishnav-ahanabhattacharji-Strong-Gravitational-Lens-Finding-Challenge\Real Data pipeline\data\raw\probable\probable_0081.jpg,already_downloaded,,,,
probable_0082,DES J003425-251134,8.6055,-25.19295,galaxy,probable,probable,1,https://www.legacysurvey.org/viewer/jpeg-cutout?ra=8.6055&dec=-25.19295&layer=ls-dr10&size=128&pixscale=0.262,D:\MSc Data and Computational Science\Gravitational Lensing\Gravitational_Lensing_Project\projects-ahana-vaishnav-ahanabhattacharji-Strong-Gravitational-Lens-Finding-Challenge\Real Data pipeline\data\raw\probable\probable_0082.jpg,already_downloaded,,,,
probable_0083,NSCS J114134+243405,175.39208,24.56782,galaxy,probable,probable,1,https://www.legacysurvey.org/viewer/jpeg-cutout?ra=175.39208&dec=24.56782&layer=ls-dr10&size=128&pixscale=0.262,D:\MSc Data and Computational Science\Gravitational Lensing\Gravitational_Lensing_Project\projects-ahana-vaishnav-ahanabhattacharji-Strong-Gravitational-Lens-Finding-Challenge\Real Data pipeline\data\raw\probable\probable_0083.jpg,already_downloaded,,,,
probable_0084,NSCS J113334+152514,173.39125,15.42049,galaxy,probable,probable,1,https://www.legacysurvey.org/viewer/jpeg-cutout?ra=173.39125&dec=15.42049&layer=ls-dr10&size=128&pixscale=0.262,D:\MSc Data and Computational Science\Gravitational Lensing\Gravitational_Lensing_Project\projects-ahana-vaishnav-ahanabhattacharji-Strong-Gravitational-Lens-Finding-Challenge\Real Data pipeline\data\raw\probable\probable_0084.jpg,already_downloaded,,,,
probable_0085,NSCS J113543+405015,173.93021,40.83727,galaxy,probable,probable,1,https://www.legacysurvey.org/viewer/jpeg-cutout?ra=173.93021&dec=40.83727&layer=ls-dr10&size=128&pixscale=0.262,D:\MSc Data and Computational Science\Gravitational Lensing\Gravitational_Lensing_Project\projects-ahana-vaishnav-ahanabhattacharji-Strong-Gravitational-Lens-Finding-Challenge\Real Data pipeline\data\raw\probable\probable_0085.jpg,already_downloaded,,,,
probable_0086,DESI-071.2400-07.6007,71.24,-7.6007,galaxy,probable,probable,1,https://www.legacysurvey.org/viewer/jpeg-cutout?ra=71.24&dec=-7.6007&layer=ls-dr10&size=128&pixscale=0.262,D:\MSc Data and Computational Science\Gravitational Lensing\Gravitational_Lensing_Project\projects-ahana-vaishnav-ahanabhattacharji-Strong-Gravitational-Lens-Finding-Challenge\Real Data pipeline\data\raw\probable\probable_0086.jpg,already_downloaded,,,,
probable_0087,MS1640.5+6224,250.289,62.30863,galaxy,probable,probable,1,https://www.legacysurvey.org/viewer/jpeg-cutout?ra=250.289&dec=62.30863&layer=ls-dr10&size=128&pixscale=0.262,D:\MSc Data and Computational Science\Gravitational Lensing\Gravitational_Lensing_Project\projects-ahana-vaishnav-ahanabhattacharji-Strong-Gravitational-Lens-Finding-Challenge\Real Data pipeline\data\raw\probable\probable_0087.jpg,already_downloaded,,,,
probable_0088,NSCS J025141+015849,42.91975,1.98025,galaxy,probable,probable,1,https://www.legacysurvey.org/viewer/jpeg-cutout?ra=42.91975&dec=1.98025&layer=ls-dr10&size=128&pixscale=0.262,D:\MSc Data and Computational Science\Gravitational Lensing\Gravitational_Lensing_Project\projects-ahana-vaishnav-ahanabhattacharji-Strong-Gravitational-Lens-Finding-Challenge\Real Data pipeline\data\raw\probable\probable_0088.jpg,already_downloaded,,,,
probable_0089,J0324-3312 | 459,51.00854,-33.20433,galaxy,probable,probable,1,https://www.legacysurvey.org/viewer/jpeg-cutout?ra=51.00854&dec=-33.20433&layer=ls-dr10&size=128&pixscale=0.262,D:\MSc Data and Computational Science\Gravitational Lensing\Gravitational_Lensing_Project\projects-ahana-vaishnav-ahanabhattacharji-Strong-Gravitational-Lens-Finding-Challenge\Real Data pipeline\data\raw\probable\probable_0089.jpg,already_downloaded,,,,
probable_0090,NSCS J002257+003206,5.73796,0.53496,galaxy,probable,probable,1,https://www.legacysurvey.org/viewer/jpeg-cutout?ra=5.73796&dec=0.53496&layer=ls-dr10&size=128&pixscale=0.262,D:\MSc Data and Computational Science\Gravitational Lensing\Gravitational_Lensing_Project\projects-ahana-vaishnav-ahanabhattacharji-Strong-Gravitational-Lens-Finding-Challenge\Real Data pipeline\data\raw\probable\probable_0090.jpg,already_downloaded,,,,
probable_0091,NSCS J021141+072043,32.92179,7.34518,galaxy,probable,probable,1,https://www.legacysurvey.org/viewer/jpeg-cutout?ra=32.92179&dec=7.34518&layer=ls-dr10&size=128&pixscale=0.262,D:\MSc Data and Computational Science\Gravitational Lensing\Gravitational_Lensing_Project\projects-ahana-vaishnav-ahanabhattacharji-Strong-Gravitational-Lens-Finding-Challenge\Real Data pipeline\data\raw\probable\probable_0091.jpg,already_downloaded,,,,
probable_0092,MS1559.4+4122,240.29004,41.23116,galaxy,probable,probable,1,https://www.legacysurvey.org/viewer/jpeg-cutout?ra=240.29004&dec=41.23116&layer=ls-dr10&size=128&pixscale=0.262,D:\MSc Data and Computational Science\Gravitational Lensing\Gravitational_Lensing_Project\projects-ahana-vaishnav-ahanabhattacharji-Strong-Gravitational-Lens-Finding-Challenge\Real Data pipeline\data\raw\probable\probable_0092.jpg,already_downloaded,,,,
probable_0093,NSCS J103717+123313,159.321,12.55353,galaxy,probable,probable,1,https://www.legacysurvey.org/viewer/jpeg-cutout?ra=159.321&dec=12.55353&layer=ls-dr10&size=128&pixscale=0.262,D:\MSc Data and Computational Science\Gravitational Lensing\Gravitational_Lensing_Project\projects-ahana-vaishnav-ahanabhattacharji-Strong-Gravitational-Lens-Finding-Challenge\Real Data pipeline\data\raw\probable\probable_0093.jpg,already_downloaded,,,,
probable_0094,NSCS J001013+060833,2.55362,6.14248,galaxy,probable,probable,1,https://www.legacysurvey.org/viewer/jpeg-cutout?ra=2.55362&dec=6.14248&layer=ls-dr10&size=128&pixscale=0.262,D:\MSc Data and Computational Science\Gravitational Lensing\Gravitational_Lensing_Project\projects-ahana-vaishnav-ahanabhattacharji-Strong-Gravitational-Lens-Finding-Challenge\Real Data pipeline\data\raw\probable\probable_0094.jpg,already_downloaded,,,,
probable_0095,J1457+0101 | 3287,224.323,1.02253,galaxy,probable,probable,1,https://www.legacysurvey.org/viewer/jpeg-cutout?ra=224.323&dec=1.02253&layer=ls-dr10&size=128&pixscale=0.262,D:\MSc Data and Computational Science\Gravitational Lensing\Gravitational_Lensing_Project\projects-ahana-vaishnav-ahanabhattacharji-Strong-Gravitational-Lens-Finding-Challenge\Real Data pipeline\data\raw\probable\probable_0095.jpg,already_downloaded,,,,
probable_0096,J0843-0107 | 3020,130.89979,-1.11752,galaxy,probable,probable,1,https://www.legacysurvey.org/viewer/jpeg-cutout?ra=130.89979&dec=-1.11752&layer=ls-dr10&size=128&pixscale=0.262,D:\MSc Data and Computational Science\Gravitational Lensing\Gravitational_Lensing_Project\projects-ahana-vaishnav-ahanabhattacharji-Strong-Gravitational-Lens-Finding-Challenge\Real Data pipeline\data\raw\probable\probable_0096.jpg,already_downloaded,,,,
probable_0097,NSCS J140326+301425,210.85825,30.24012,galaxy,probable,probable,1,https://www.legacysurvey.org/viewer/jpeg-cutout?ra=210.85825&dec=30.24012&layer=ls-dr10&size=128&pixscale=0.262,D:\MSc Data and Computational Science\Gravitational Lensing\Gravitational_Lensing_Project\projects-ahana-vaishnav-ahanabhattacharji-Strong-Gravitational-Lens-Finding-Challenge\Real Data pipeline\data\raw\probable\probable_0097.jpg,already_downloaded,,,,
probable_0098,DESI-009.3986-59.0704 | J0037-5904,9.39858,-59.07036,galaxy,probable,probable,1,https://www.legacysurvey.org/viewer/jpeg-cutout?ra=9.39858&dec=-59.07036&layer=ls-dr10&size=128&pixscale=0.262,D:\MSc Data and Computational Science\Gravitational Lensing\Gravitational_Lensing_Project\projects-ahana-vaishnav-ahanabhattacharji-Strong-Gravitational-Lens-Finding-Challenge\Real Data pipeline\data\raw\probable\probable_0098.jpg,already_downloaded,,,,
probable_0099,RXCJ2319.6-7313,349.92417,-73.23083,galaxy,probable,probable,1,https://www.legacysurvey.org/viewer/jpeg-cutout?ra=349.92417&dec=-73.23083&layer=ls-dr10&size=128&pixscale=0.262,D:\MSc Data and Computational Science\Gravitational Lensing\Gravitational_Lensing_Project\projects-ahana-vaishnav-ahanabhattacharji-Strong-Gravitational-Lens-Finding-Challenge\Real Data pipeline\data\raw\probable\probable_0099.jpg,already_downloaded,,,,
probable_0100,SA114 | SL2SJ143153+572837,217.96946,57.47687,galaxy,probable,probable,1,https://www.legacysurvey.org/viewer/jpeg-cutout?ra=217.96946&dec=57.47687&layer=ls-dr10&size=128&pixscale=0.262,D:\MSc Data and Computational Science\Gravitational Lensing\Gravitational_Lensing_Project\projects-ahana-vaishnav-ahanabhattacharji-Strong-Gravitational-Lens-Finding-Challenge\Real Data pipeline\data\raw\probable\probable_0100.jpg,already_downloaded,,,,
probable_0101,DELJ104711-044354,161.79704,-4.73188,galaxy,probable,probable,1,https://www.legacysurvey.org/viewer/jpeg-cutout?ra=161.79704&dec=-4.73188&layer=ls-dr10&size=128&pixscale=0.262,D:\MSc Data and Computational Science\Gravitational Lensing\Gravitational_Lensing_Project\projects-ahana-vaishnav-ahanabhattacharji-Strong-Gravitational-Lens-Finding-Challenge\Real Data pipeline\data\raw\probable\probable_0101.jpg,already_downloaded,,,,
probable_0102,RCS J132823+2853.7,202.09708,28.89522,galaxy,probable,probable,1,https://www.legacysurvey.org/viewer/jpeg-cutout?ra=202.09708&dec=28.89522&layer=ls-dr10&size=128&pixscale=0.262,D:\MSc Data and Computational Science\Gravitational Lensing\Gravitational_Lensing_Project\projects-ahana-vaishnav-ahanabhattacharji-Strong-Gravitational-Lens-Finding-Challenge\Real Data pipeline\data\raw\probable\probable_0102.jpg,already_downloaded,,,,
probable_0103,DESI-029.3007-11.2673,29.30071,-11.26733,galaxy,probable,probable,1,https://www.legacysurvey.org/viewer/jpeg-cutout?ra=29.30071&dec=-11.26733&layer=ls-dr10&size=128&pixscale=0.262,D:\MSc Data and Computational Science\Gravitational Lensing\Gravitational_Lensing_Project\projects-ahana-vaishnav-ahanabhattacharji-Strong-Gravitational-Lens-Finding-Challenge\Real Data pipeline\data\raw\probable\probable_0103.jpg,already_downloaded,,,,
probable_0104,RXCJ0118.1-2658,19.54625,-26.97306,galaxy,probable,probable,1,https://www.legacysurvey.org/viewer/jpeg-cutout?ra=19.54625&dec=-26.97306&layer=ls-dr10&size=128&pixscale=0.262,D:\MSc Data and Computational Science\Gravitational Lensing\Gravitational_Lensing_Project\projects-ahana-vaishnav-ahanabhattacharji-Strong-Gravitational-Lens-Finding-Challenge\Real Data pipeline\data\raw\probable\probable_0104.jpg,already_downloaded,,,,
probable_0105,486,183.12458,-12.27194,galaxy,probable,probable,1,https://www.legacysurvey.org/viewer/jpeg-cutout?ra=183.12458&dec=-12.27194&layer=ls-dr10&size=128&pixscale=0.262,D:\MSc Data and Computational Science\Gravitational Lensing\Gravitational_Lensing_Project\projects-ahana-vaishnav-ahanabhattacharji-Strong-Gravitational-Lens-Finding-Challenge\Real Data pipeline\data\raw\probable\probable_0105.jpg,already_downloaded,,,,
probable_0106,NSCS J140710+361049,211.792,36.1802,galaxy,probable,probable,1,https://www.legacysurvey.org/viewer/jpeg-cutout?ra=211.792&dec=36.1802&layer=ls-dr10&size=128&pixscale=0.262,D:\MSc Data and Computational Science\Gravitational Lensing\Gravitational_Lensing_Project\projects-ahana-vaishnav-ahanabhattacharji-Strong-Gravitational-Lens-Finding-Challenge\Real Data pipeline\data\raw\probable\probable_0106.jpg,already_downloaded,,,,
probable_0107,J0300-2713 | 2580,45.22646,-27.23304,galaxy,probable,probable,1,https://www.legacysurvey.org/viewer/jpeg-cutout?ra=45.22646&dec=-27.23304&layer=ls-dr10&size=128&pixscale=0.262,D:\MSc Data and Computational Science\Gravitational Lensing\Gravitational_Lensing_Project\projects-ahana-vaishnav-ahanabhattacharji-Strong-Gravitational-Lens-Finding-Challenge\Real Data pipeline\data\raw\probable\probable_0107.jpg,already_downloaded,,,,
probable_0108,NSCS J004527+073721,11.36354,7.62246,galaxy,probable,probable,1,https://www.legacysurvey.org/viewer/jpeg-cutout?ra=11.36354&dec=7.62246&layer=ls-dr10&size=128&pixscale=0.262,D:\MSc Data and Computational Science\Gravitational Lensing\Gravitational_Lensing_Project\projects-ahana-vaishnav-ahanabhattacharji-Strong-Gravitational-Lens-Finding-Challenge\Real Data pipeline\data\raw\probable\probable_0108.jpg,already_downloaded,,,,
probable_0109,DESI-149.1942+00.7137,149.19421,0.7137,galaxy,probable,probable,1,https://www.legacysurvey.org/viewer/jpeg-cutout?ra=149.19421&dec=0.7137&layer=ls-dr10&size=128&pixscale=0.262,D:\MSc Data and Computational Science\Gravitational Lensing\Gravitational_Lensing_Project\projects-ahana-vaishnav-ahanabhattacharji-Strong-Gravitational-Lens-Finding-Challenge\Real Data pipeline\data\raw\probable\probable_0109.jpg,already_downloaded,,,,
probable_0110,NSCS J120123+435712,180.34762,43.95322,galaxy,probable,probable,1,https://www.legacysurvey.org/viewer/jpeg-cutout?ra=180.34762&dec=43.95322&layer=ls-dr10&size=128&pixscale=0.262,D:\MSc Data and Computational Science\Gravitational Lensing\Gravitational_Lensing_Project\projects-ahana-vaishnav-ahanabhattacharji-Strong-Gravitational-Lens-Finding-Challenge\Real Data pipeline\data\raw\probable\probable_0110.jpg,already_downloaded,,,,
probable_0111,DESI-338.1859+29.3470,338.18592,29.34705,galaxy,probable,probable,1,https://www.legacysurvey.org/viewer/jpeg-cutout?ra=338.18592&dec=29.34705&layer=ls-dr10&size=128&pixscale=0.262,D:\MSc Data and Computational Science\Gravitational Lensing\Gravitational_Lensing_Project\projects-ahana-vaishnav-ahanabhattacharji-Strong-Gravitational-Lens-Finding-Challenge\Real Data pipeline\data\raw\probable\probable_0111.jpg,already_downloaded,,,,
probable_0112,DESI-026.7007-42.6124,26.70071,-42.61239,galaxy,probable,probable,1,https://www.legacysurvey.org/viewer/jpeg-cutout?ra=26.70071&dec=-42.61239&layer=ls-dr10&size=128&pixscale=0.262,D:\MSc Data and Computational Science\Gravitational Lensing\Gravitational_Lensing_Project\projects-ahana-vaishnav-ahanabhattacharji-Strong-Gravitational-Lens-Finding-Challenge\Real Data pipeline\data\raw\probable\probable_0112.jpg,already_downloaded,,,,
probable_0113,NSCS J013550+090753,23.95658,9.13124,galaxy,probable,probable,1,https://www.legacysurvey.org/viewer/jpeg-cutout?ra=23.95658&dec=9.13124&layer=ls-dr10&size=128&pixscale=0.262,D:\MSc Data and Computational Science\Gravitational Lensing\Gravitational_Lensing_Project\projects-ahana-vaishnav-ahanabhattacharji-Strong-Gravitational-Lens-Finding-Challenge\Real Data pipeline\data\raw\probable\probable_0113.jpg,already_downloaded,,,,
probable_0114,DESI-333.5484-60.7251,333.54837,-60.72511,galaxy,probable,probable,1,https://www.legacysurvey.org/viewer/jpeg-cutout?ra=333.54837&dec=-60.72511&layer=ls-dr10&size=128&pixscale=0.262,D:\MSc Data and Computational Science\Gravitational Lensing\Gravitational_Lensing_Project\projects-ahana-vaishnav-ahanabhattacharji-Strong-Gravitational-Lens-Finding-Challenge\Real Data pipeline\data\raw\probable\probable_0114.jpg,already_downloaded,,,,
probable_0115,16747745,92.58058,-59.92389,galaxy,probable,probable,1,https://www.legacysurvey.org/viewer/jpeg-cutout?ra=92.58058&dec=-59.92389&layer=ls-dr10&size=128&pixscale=0.262,D:\MSc Data and Computational Science\Gravitational Lensing\Gravitational_Lensing_Project\projects-ahana-vaishnav-ahanabhattacharji-Strong-Gravitational-Lens-Finding-Challenge\Real Data pipeline\data\raw\probable\probable_0115.jpg,already_downloaded,,,,
probable_0116,NSCS J125547+043144,193.94596,4.52886,galaxy,probable,probable,1,https://www.legacysurvey.org/viewer/jpeg-cutout?ra=193.94596&dec=4.52886&layer=ls-dr10&size=128&pixscale=0.262,D:\MSc Data and Computational Science\Gravitational Lensing\Gravitational_Lensing_Project\projects-ahana-vaishnav-ahanabhattacharji-Strong-Gravitational-Lens-Finding-Challenge\Real Data pipeline\data\raw\probable\probable_0116.jpg,already_downloaded,,,,
probable_0117,DESI-045.2604-17.5527,45.26042,-17.55265,galaxy,probable,probable,1,https://www.legacysurvey.org/viewer/jpeg-cutout?ra=45.26042&dec=-17.55265&layer=ls-dr10&size=128&pixscale=0.262,D:\MSc Data and Computational Science\Gravitational Lensing\Gravitational_Lensing_Project\projects-ahana-vaishnav-ahanabhattacharji-Strong-Gravitational-Lens-Finding-Challenge\Real Data pipeline\data\raw\probable\probable_0117.jpg,already_downloaded,,,,
probable_0118,NSCS J000156+124542,0.48217,12.76138,galaxy,probable,probable,1,https://www.legacysurvey.org/viewer/jpeg-cutout?ra=0.48217&dec=12.76138&layer=ls-dr10&size=128&pixscale=0.262,D:\MSc Data and Computational Science\Gravitational Lensing\Gravitational_Lensing_Project\projects-ahana-vaishnav-ahanabhattacharji-Strong-Gravitational-Lens-Finding-Challenge\Real Data pipeline\data\raw\probable\probable_0118.jpg,already_downloaded,,,,
probable_0119,377,125.23717,38.63394,galaxy,probable,probable,1,https://www.legacysurvey.org/viewer/jpeg-cutout?ra=125.23717&dec=38.63394&layer=ls-dr10&size=128&pixscale=0.262,D:\MSc Data and Computational Science\Gravitational Lensing\Gravitational_Lensing_Project\projects-ahana-vaishnav-ahanabhattacharji-Strong-Gravitational-Lens-Finding-Challenge\Real Data pipeline\data\raw\probable\probable_0119.jpg,already_downloaded,,,,
probable_0120,DESI-033.5356-12.8859,33.53558,-12.8859,galaxy,probable,probable,1,https://www.legacysurvey.org/viewer/jpeg-cutout?ra=33.53558&dec=-12.8859&layer=ls-dr10&size=128&pixscale=0.262,D:\MSc Data and Computational Science\Gravitational Lensing\Gravitational_Lensing_Project\projects-ahana-vaishnav-ahanabhattacharji-Strong-Gravitational-Lens-Finding-Challenge\Real Data pipeline\data\raw\probable\probable_0120.jpg,already_downloaded,,,,
probable_0121,NSCS J231804+005126,349.5175,0.85709,galaxy,probable,probable,1,https://www.legacysurvey.org/viewer/jpeg-cutout?ra=349.5175&dec=0.85709&layer=ls-dr10&size=128&pixscale=0.262,D:\MSc Data and Computational Science\Gravitational Lensing\Gravitational_Lensing_Project\projects-ahana-vaishnav-ahanabhattacharji-Strong-Gravitational-Lens-Finding-Challenge\Real Data pipeline\data\raw\probable\probable_0121.jpg,already_downloaded,,,,
probable_0122,MS0822.1+2644,126.28917,26.57134,galaxy,probable,probable,1,https://www.legacysurvey.org/viewer/jpeg-cutout?ra=126.28917&dec=26.57134&layer=ls-dr10&size=128&pixscale=0.262,D:\MSc Data and Computational Science\Gravitational Lensing\Gravitational_Lensing_Project\projects-ahana-vaishnav-ahanabhattacharji-Strong-Gravitational-Lens-Finding-Challenge\Real Data pipeline\data\raw\probable\probable_0122.jpg,already_downloaded,,,,
probable_0123,RXC J2256.8+0530,344.2195,5.5115,galaxy,probable,probable,1,https://www.legacysurvey.org/viewer/jpeg-cutout?ra=344.2195&dec=5.5115&layer=ls-dr10&size=128&pixscale=0.262,D:\MSc Data and Computational Science\Gravitational Lensing\Gravitational_Lensing_Project\projects-ahana-vaishnav-ahanabhattacharji-Strong-Gravitational-Lens-Finding-Challenge\Real Data pipeline\data\raw\probable\probable_0123.jpg,already_downloaded,,,,
probable_0124,DESJ2306-4931,346.72079,-49.52521,galaxy,probable,probable,1,https://www.legacysurvey.org/viewer/jpeg-cutout?ra=346.72079&dec=-49.52521&layer=ls-dr10&size=128&pixscale=0.262,D:\MSc Data and Computational Science\Gravitational Lensing\Gravitational_Lensing_Project\projects-ahana-vaishnav-ahanabhattacharji-Strong-Gravitational-Lens-Finding-Challenge\Real Data pipeline\data\raw\probable\probable_0124.jpg,already_downloaded,,,,
probable_0125,1045,225.24,-11.74,galaxy,probable,probable,1,https://www.legacysurvey.org/viewer/jpeg-cutout?ra=225.24&dec=-11.74&layer=ls-dr10&size=128&pixscale=0.262,D:\MSc Data and Computational Science\Gravitational Lensing\Gravitational_Lensing_Project\projects-ahana-vaishnav-ahanabhattacharji-Strong-Gravitational-Lens-Finding-Challenge\Real Data pipeline\data\raw\probable\probable_0125.jpg,already_downloaded,,,,
probable_0126,RXCJ2103.4-4319,315.85833,-43.32944,galaxy,probable,probable,1,https://www.legacysurvey.org/viewer/jpeg-cutout?ra=315.85833&dec=-43.32944&layer=ls-dr10&size=128&pixscale=0.262,D:\MSc Data and Computational Science\Gravitational Lensing\Gravitational_Lensing_Project\projects-ahana-vaishnav-ahanabhattacharji-Strong-Gravitational-Lens-Finding-Challenge\Real Data pipeline\data\raw\probable\probable_0126.jpg,already_downloaded,,,,
probable_0127,DESI-059.0770-48.0881,59.07704,-48.08813,galaxy,probable,probable,1,https://www.legacysurvey.org/viewer/jpeg-cutout?ra=59.07704&dec=-48.08813&layer=ls-dr10&size=128&pixscale=0.262,D:\MSc Data and Computational Science\Gravitational Lensing\Gravitational_Lensing_Project\projects-ahana-vaishnav-ahanabhattacharji-Strong-Gravitational-Lens-Finding-Challenge\Real Data pipeline\data\raw\probable\probable_0127.jpg,already_downloaded,,,,
probable_0128,DESI-226.5226-03.4479,226.52267,-3.44794,galaxy,probable,probable,1,https://www.legacysurvey.org/viewer/jpeg-cutout?ra=226.52267&dec=-3.44794&layer=ls-dr10&size=128&pixscale=0.262,D:\MSc Data and Computational Science\Gravitational Lensing\Gravitational_Lensing_Project\projects-ahana-vaishnav-ahanabhattacharji-Strong-Gravitational-Lens-Finding-Challenge\Real Data pipeline\data\raw\probable\probable_0128.jpg,already_downloaded,,,,
probable_0129,DESJ0326-4812,51.51215,-48.20995,galaxy,probable,probable,1,https://www.legacysurvey.org/viewer/jpeg-cutout?ra=51.51215&dec=-48.20995&layer=ls-dr10&size=128&pixscale=0.262,D:\MSc Data and Computational Science\Gravitational Lensing\Gravitational_Lensing_Project\projects-ahana-vaishnav-ahanabhattacharji-Strong-Gravitational-Lens-Finding-Challenge\Real Data pipeline\data\raw\probable\probable_0129.jpg,already_downloaded,,,,
probable_0130,DESJ2219-5816,334.99229,-58.27243,galaxy,probable,probable,1,https://www.legacysurvey.org/viewer/jpeg-cutout?ra=334.99229&dec=-58.27243&layer=ls-dr10&size=128&pixscale=0.262,D:\MSc Data and Computational Science\Gravitational Lensing\Gravitational_Lensing_Project\projects-ahana-vaishnav-ahanabhattacharji-Strong-Gravitational-Lens-Finding-Challenge\Real Data pipeline\data\raw\probable\probable_0130.jpg,already_downloaded,,,,
probable_0131,A1927,217.765,25.628,galaxy,probable,probable,1,https://www.legacysurvey.org/viewer/jpeg-cutout?ra=217.765&dec=25.628&layer=ls-dr10&size=128&pixscale=0.262,D:\MSc Data and Computational Science\Gravitational Lensing\Gravitational_Lensing_Project\projects-ahana-vaishnav-ahanabhattacharji-Strong-Gravitational-Lens-Finding-Challenge\Real Data pipeline\data\raw\probable\probable_0131.jpg,already_downloaded,,,,
probable_0132,NSCS J120408+362502,181.03479,36.41697,galaxy,probable,probable,1,https://www.legacysurvey.org/viewer/jpeg-cutout?ra=181.03479&dec=36.41697&layer=ls-dr10&size=128&pixscale=0.262,D:\MSc Data and Computational Science\Gravitational Lensing\Gravitational_Lensing_Project\projects-ahana-vaishnav-ahanabhattacharji-Strong-Gravitational-Lens-Finding-Challenge\Real Data pipeline\data\raw\probable\probable_0132.jpg,already_downloaded,,,,
probable_0133,NSCS J010744+045032,16.93246,4.84216,galaxy,probable,probable,1,https://www.legacysurvey.org/viewer/jpeg-cutout?ra=16.93246&dec=4.84216&layer=ls-dr10&size=128&pixscale=0.262,D:\MSc Data and Computational Science\Gravitational Lensing\Gravitational_Lensing_Project\projects-ahana-vaishnav-ahanabhattacharji-Strong-Gravitational-Lens-Finding-Challenge\Real Data pipeline\data\raw\probable\probable_0133.jpg,already_downloaded,,,,
probable_0134,J0103-0033,15.755,-0.55028,galaxy,probable,probable,1,https://www.legacysurvey.org/viewer/jpeg-cutout?ra=15.755&dec=-0.55028&layer=ls-dr10&size=128&pixscale=0.262,D:\MSc Data and Computational Science\Gravitational Lensing\Gravitational_Lensing_Project\projects-ahana-vaishnav-ahanabhattacharji-Strong-Gravitational-Lens-Finding-Challenge\Real Data pipeline\data\raw\probable\probable_0134.jpg,already_downloaded,,,,
probable_0135,NSCS J120420+214734,181.08392,21.79264,galaxy,probable,probable,1,https://www.legacysurvey.org/viewer/jpeg-cutout?ra=181.08392&dec=21.79264&layer=ls-dr10&size=128&pixscale=0.262,D:\MSc Data and Computational Science\Gravitational Lensing\Gravitational_Lensing_Project\projects-ahana-vaishnav-ahanabhattacharji-Strong-Gravitational-Lens-Finding-Challenge\Real Data pipeline\data\raw\probable\probable_0135.jpg,already_downloaded,,,,
probable_0136,J0004-3400 | 2774,1.18525,-34.01095,galaxy,probable,probable,1,https://www.legacysurvey.org/viewer/jpeg-cutout?ra=1.18525&dec=-34.01095&layer=ls-dr10&size=128&pixscale=0.262,D:\MSc Data and Computational Science\Gravitational Lensing\Gravitational_Lensing_Project\projects-ahana-vaishnav-ahanabhattacharji-Strong-Gravitational-Lens-Finding-Challenge\Real Data pipeline\data\raw\probable\probable_0136.jpg,already_downloaded,,,,
probable_0137,J1059+5000 | SDSS J105953.06+500054.72,164.97108,50.0152,galaxy,probable,probable,1,https://www.legacysurvey.org/viewer/jpeg-cutout?ra=164.97108&dec=50.0152&layer=ls-dr10&size=128&pixscale=0.262,D:\MSc Data and Computational Science\Gravitational Lensing\Gravitational_Lensing_Project\projects-ahana-vaishnav-ahanabhattacharji-Strong-Gravitational-Lens-Finding-Challenge\Real Data pipeline\data\raw\probable\probable_0137.jpg,already_downloaded,,,,
probable_0138,DESI-358.3279-60.3544 | J2353-6021,358.3296,-60.35495,galaxy,probable,probable,1,https://www.legacysurvey.org/viewer/jpeg-cutout?ra=358.3296&dec=-60.35495&layer=ls-dr10&size=128&pixscale=0.262,D:\MSc Data and Computational Science\Gravitational Lensing\Gravitational_Lensing_Project\projects-ahana-vaishnav-ahanabhattacharji-Strong-Gravitational-Lens-Finding-Challenge\Real Data pipeline\data\raw\probable\probable_0138.jpg,already_downloaded,,,,
probable_0139,NSCS J135103+114008,207.76229,11.66881,galaxy,probable,probable,1,https://www.legacysurvey.org/viewer/jpeg-cutout?ra=207.76229&dec=11.66881&layer=ls-dr10&size=128&pixscale=0.262,D:\MSc Data and Computational Science\Gravitational Lensing\Gravitational_Lensing_Project\projects-ahana-vaishnav-ahanabhattacharji-Strong-Gravitational-Lens-Finding-Challenge\Real Data pipeline\data\raw\probable\probable_0139.jpg,already_downloaded,,,,
probable_0140,1030,223.75875,-12.97667,galaxy,probable,probable,1,https://www.legacysurvey.org/viewer/jpeg-cutout?ra=223.75875&dec=-12.97667&layer=ls-dr10&size=128&pixscale=0.262,D:\MSc Data and Computational Science\Gravitational Lensing\Gravitational_Lensing_Project\projects-ahana-vaishnav-ahanabhattacharji-Strong-Gravitational-Lens-Finding-Challenge\Real Data pipeline\data\raw\probable\probable_0140.jpg,already_downloaded,,,,
probable_0141,NSCS J125543+354203,193.92792,35.70063,galaxy,probable,probable,1,https://www.legacysurvey.org/viewer/jpeg-cutout?ra=193.92792&dec=35.70063&layer=ls-dr10&size=128&pixscale=0.262,D:\MSc Data and Computational Science\Gravitational Lensing\Gravitational_Lensing_Project\projects-ahana-vaishnav-ahanabhattacharji-Strong-Gravitational-Lens-Finding-Challenge\Real Data pipeline\data\raw\probable\probable_0141.jpg,already_downloaded,,,,
probable_0142,MS0052.1+2931,13.71025,29.79543,galaxy,probable,probable,1,https://www.legacysurvey.org/viewer/jpeg-cutout?ra=13.71025&dec=29.79543&layer=ls-dr10&size=128&pixscale=0.262,D:\MSc Data and Computational Science\Gravitational Lensing\Gravitational_Lensing_Project\projects-ahana-vaishnav-ahanabhattacharji-Strong-Gravitational-Lens-Finding-Challenge\Real Data pipeline\data\raw\probable\probable_0142.jpg,already_downloaded,,,,
probable_0143,DESI-314.0678-09.4907,314.06783,-9.49074,galaxy,probable,probable,1,https://www.legacysurvey.org/viewer/jpeg-cutout?ra=314.06783&dec=-9.49074&layer=ls-dr10&size=128&pixscale=0.262,D:\MSc Data and Computational Science\Gravitational Lensing\Gravitational_Lensing_Project\projects-ahana-vaishnav-ahanabhattacharji-Strong-Gravitational-Lens-Finding-Challenge\Real Data pipeline\data\raw\probable\probable_0143.jpg,already_downloaded,,,,
probable_0144,122409+002508,186.04129,0.419075,galaxy,probable,probable,1,https://www.legacysurvey.org/viewer/jpeg-cutout?ra=186.04129&dec=0.419075&layer=ls-dr10&size=128&pixscale=0.262,D:\MSc Data and Computational Science\Gravitational Lensing\Gravitational_Lensing_Project\projects-ahana-vaishnav-ahanabhattacharji-Strong-Gravitational-Lens-Finding-Challenge\Real Data pipeline\data\raw\probable\probable_0144.jpg,already_downloaded,,,,
probable_0145,1309 | J0818+4938,124.7145,49.63624,galaxy,probable,probable,1,https://www.legacysurvey.org/viewer/jpeg-cutout?ra=124.7145&dec=49.63624&layer=ls-dr10&size=128&pixscale=0.262,D:\MSc Data and Computational Science\Gravitational Lensing\Gravitational_Lensing_Project\projects-ahana-vaishnav-ahanabhattacharji-Strong-Gravitational-Lens-Finding-Challenge\Real Data pipeline\data\raw\probable\probable_0145.jpg,already_downloaded,,,,
probable_0146,UNIONS J143158+554329,217.99575,55.72487,galaxy,probable,probable,1,https://www.legacysurvey.org/viewer/jpeg-cutout?ra=217.99575&dec=55.72487&layer=ls-dr10&size=128&pixscale=0.262,D:\MSc Data and Computational Science\Gravitational Lensing\Gravitational_Lensing_Project\projects-ahana-vaishnav-ahanabhattacharji-Strong-Gravitational-Lens-Finding-Challenge\Real Data pipeline\data\raw\probable\probable_0146.jpg,already_downloaded,,,,
probable_0147,DESJ0357-5951,59.33565,-59.86512,galaxy,probable,probable,1,https://www.legacysurvey.org/viewer/jpeg-cutout?ra=59.33565&dec=-59.86512&layer=ls-dr10&size=128&pixscale=0.262,D:\MSc Data and Computational Science\Gravitational Lensing\Gravitational_Lensing_Project\projects-ahana-vaishnav-ahanabhattacharji-Strong-Gravitational-Lens-Finding-Challenge\Real Data pipeline\data\raw\probable\probable_0147.jpg,already_downloaded,,,,
probable_0148,DESI-027.1507-63.7876,27.15067,-63.7876,galaxy,probable,probable,1,https://www.legacysurvey.org/viewer/jpeg-cutout?ra=27.15067&dec=-63.7876&layer=ls-dr10&size=128&pixscale=0.262,D:\MSc Data and Computational Science\Gravitational Lensing\Gravitational_Lensing_Project\projects-ahana-vaishnav-ahanabhattacharji-Strong-Gravitational-Lens-Finding-Challenge\Real Data pipeline\data\raw\probable\probable_0148.jpg,already_downloaded,,,,
probable_0149,J0901-0117 | 1743,135.38004,-1.29831,galaxy,probable,probable,1,https://www.legacysurvey.org/viewer/jpeg-cutout?ra=135.38004&dec=-1.29831&layer=ls-dr10&size=128&pixscale=0.262,D:\MSc Data and Computational Science\Gravitational Lensing\Gravitational_Lensing_Project\projects-ahana-vaishnav-ahanabhattacharji-Strong-Gravitational-Lens-Finding-Challenge\Real Data pipeline\data\raw\probable\probable_0149.jpg,already_downloaded,,,,
probable_0150,DESI-355.1926+01.3549,355.19262,1.35485,galaxy,probable,probable,1,https://www.legacysurvey.org/viewer/jpeg-cutout?ra=355.19262&dec=1.35485&layer=ls-dr10&size=128&pixscale=0.262,D:\MSc Data and Computational Science\Gravitational Lensing\Gravitational_Lensing_Project\projects-ahana-vaishnav-ahanabhattacharji-Strong-Gravitational-Lens-Finding-Challenge\Real Data pipeline\data\raw\probable\probable_0150.jpg,already_downloaded,,,,
probable_0151,NSCS J144017+610147,220.07217,61.02952,galaxy,probable,probable,1,https://www.legacysurvey.org/viewer/jpeg-cutout?ra=220.07217&dec=61.02952&layer=ls-dr10&size=128&pixscale=0.262,D:\MSc Data and Computational Science\Gravitational Lensing\Gravitational_Lensing_Project\projects-ahana-vaishnav-ahanabhattacharji-Strong-Gravitational-Lens-Finding-Challenge\Real Data pipeline\data\raw\probable\probable_0151.jpg,already_downloaded,,,,
probable_0152,6758288,136.73212,42.42091,galaxy,probable,probable,1,https://www.legacysurvey.org/viewer/jpeg-cutout?ra=136.73212&dec=42.42091&layer=ls-dr10&size=128&pixscale=0.262,D:\MSc Data and Computational Science\Gravitational Lensing\Gravitational_Lensing_Project\projects-ahana-vaishnav-ahanabhattacharji-Strong-Gravitational-Lens-Finding-Challenge\Real Data pipeline\data\raw\probable\probable_0152.jpg,already_downloaded,,,,
probable_0153,849,208.25417,-11.62528,galaxy,probable,probable,1,https://www.legacysurvey.org/viewer/jpeg-cutout?ra=208.25417&dec=-11.62528&layer=ls-dr10&size=128&pixscale=0.262,D:\MSc Data and Computational Science\Gravitational Lensing\Gravitational_Lensing_Project\projects-ahana-vaishnav-ahanabhattacharji-Strong-Gravitational-Lens-Finding-Challenge\Real Data pipeline\data\raw\probable\probable_0153.jpg,already_downloaded,,,,
probable_0154,RXC J2307.6+2716,346.91692,27.27,galaxy,probable,probable,1,https://www.legacysurvey.org/viewer/jpeg-cutout?ra=346.91692&dec=27.27&layer=ls-dr10&size=128&pixscale=0.262,D:\MSc Data and Computational Science\Gravitational Lensing\Gravitational_Lensing_Project\projects-ahana-vaishnav-ahanabhattacharji-Strong-Gravitational-Lens-Finding-Challenge\Real Data pipeline\data\raw\probable\probable_0154.jpg,already_downloaded,,,,
probable_0155,DESI-096.7863-49.1958 | 8688815,96.78716,-49.19598,galaxy,probable,probable,1,https://www.legacysurvey.org/viewer/jpeg-cutout?ra=96.78716&dec=-49.19598&layer=ls-dr10&size=128&pixscale=0.262,D:\MSc Data and Computational Science\Gravitational Lensing\Gravitational_Lensing_Project\projects-ahana-vaishnav-ahanabhattacharji-Strong-Gravitational-Lens-Finding-Challenge\Real Data pipeline\data\raw\probable\probable_0155.jpg,already_downloaded,,,,
probable_0156,PS1J1650+3123 | UNIONS J165049+312328,252.7075,31.39114,galaxy,probable,probable,1,https://www.legacysurvey.org/viewer/jpeg-cutout?ra=252.7075&dec=31.39114&layer=ls-dr10&size=128&pixscale=0.262,D:\MSc Data and Computational Science\Gravitational Lensing\Gravitational_Lensing_Project\projects-ahana-vaishnav-ahanabhattacharji-Strong-Gravitational-Lens-Finding-Challenge\Real Data pipeline\data\raw\probable\probable_0156.jpg,already_downloaded,,,,
probable_0157,NSCS J140013+095535,210.052,9.92631,galaxy,probable,probable,1,https://www.legacysurvey.org/viewer/jpeg-cutout?ra=210.052&dec=9.92631&layer=ls-dr10&size=128&pixscale=0.262,D:\MSc Data and Computational Science\Gravitational Lensing\Gravitational_Lensing_Project\projects-ahana-vaishnav-ahanabhattacharji-Strong-Gravitational-Lens-Finding-Challenge\Real Data pipeline\data\raw\probable\probable_0157.jpg,already_downloaded,,,,
probable_0158,NSCS J011037+113657,17.65267,11.61571,galaxy,probable,probable,1,https://www.legacysurvey.org/viewer/jpeg-cutout?ra=17.65267&dec=11.61571&layer=ls-dr10&size=128&pixscale=0.262,D:\MSc Data and Computational Science\Gravitational Lensing\Gravitational_Lensing_Project\projects-ahana-vaishnav-ahanabhattacharji-Strong-Gravitational-Lens-Finding-Challenge\Real Data pipeline\data\raw\probable\probable_0158.jpg,already_downloaded,,,,
probable_0159,NSCS J122228+564431,185.61708,56.74188,galaxy,probable,probable,1,https://www.legacysurvey.org/viewer/jpeg-cutout?ra=185.61708&dec=56.74188&layer=ls-dr10&size=128&pixscale=0.262,D:\MSc Data and Computational Science\Gravitational Lensing\Gravitational_Lensing_Project\projects-ahana-vaishnav-ahanabhattacharji-Strong-Gravitational-Lens-Finding-Challenge\Real Data pipeline\data\raw\probable\probable_0159.jpg,already_downloaded,,,,
probable_0160,DESI-034.1261-21.7338,34.12608,-21.7338,galaxy,probable,probable,1,https://www.legacysurvey.org/viewer/jpeg-cutout?ra=34.12608&dec=-21.7338&layer=ls-dr10&size=128&pixscale=0.262,D:\MSc Data and Computational Science\Gravitational Lensing\Gravitational_Lensing_Project\projects-ahana-vaishnav-ahanabhattacharji-Strong-Gravitational-Lens-Finding-Challenge\Real Data pipeline\data\raw\probable\probable_0160.jpg,already_downloaded,,,,
probable_0161,222321+015018,335.839753,1.838594,galaxy,probable,probable,1,https://www.legacysurvey.org/viewer/jpeg-cutout?ra=335.839753&dec=1.838594&layer=ls-dr10&size=128&pixscale=0.262,D:\MSc Data and Computational Science\Gravitational Lensing\Gravitational_Lensing_Project\projects-ahana-vaishnav-ahanabhattacharji-Strong-Gravitational-Lens-Finding-Challenge\Real Data pipeline\data\raw\probable\probable_0161.jpg,already_downloaded,,,,
probable_0162,39679581,156.03354,6.17988,galaxy,probable,probable,1,https://www.legacysurvey.org/viewer/jpeg-cutout?ra=156.03354&dec=6.17988&layer=ls-dr10&size=128&pixscale=0.262,D:\MSc Data and Computational Science\Gravitational Lensing\Gravitational_Lensing_Project\projects-ahana-vaishnav-ahanabhattacharji-Strong-Gravitational-Lens-Finding-Challenge\Real Data pipeline\data\raw\probable\probable_0162.jpg,already_downloaded,,,,
probable_0163,DESI-167.1071+18.3830,167.10708,18.38295,galaxy,probable,probable,1,https://www.legacysurvey.org/viewer/jpeg-cutout?ra=167.10708&dec=18.38295&layer=ls-dr10&size=128&pixscale=0.262,D:\MSc Data and Computational Science\Gravitational Lensing\Gravitational_Lensing_Project\projects-ahana-vaishnav-ahanabhattacharji-Strong-Gravitational-Lens-Finding-Challenge\Real Data pipeline\data\raw\probable\probable_0163.jpg,already_downloaded,,,,
probable_0164,NSCS J001803+021441,4.51354,2.24457,galaxy,probable,probable,1,https://www.legacysurvey.org/viewer/jpeg-cutout?ra=4.51354&dec=2.24457&layer=ls-dr10&size=128&pixscale=0.262,D:\MSc Data and Computational Science\Gravitational Lensing\Gravitational_Lensing_Project\projects-ahana-vaishnav-ahanabhattacharji-Strong-Gravitational-Lens-Finding-Challenge\Real Data pipeline\data\raw\probable\probable_0164.jpg,already_downloaded,,,,
probable_0165,120415+000728,181.06326,0.124688,galaxy,probable,probable,1,https://www.legacysurvey.org/viewer/jpeg-cutout?ra=181.06326&dec=0.124688&layer=ls-dr10&size=128&pixscale=0.262,D:\MSc Data and Computational Science\Gravitational Lensing\Gravitational_Lensing_Project\projects-ahana-vaishnav-ahanabhattacharji-Strong-Gravitational-Lens-Finding-Challenge\Real Data pipeline\data\raw\probable\probable_0165.jpg,already_downloaded,,,,
probable_0166,J2123+0044,320.97858,0.73783,galaxy,probable,probable,1,https://www.legacysurvey.org/viewer/jpeg-cutout?ra=320.97858&dec=0.73783&layer=ls-dr10&size=128&pixscale=0.262,D:\MSc Data and Computational Science\Gravitational Lensing\Gravitational_Lensing_Project\projects-ahana-vaishnav-ahanabhattacharji-Strong-Gravitational-Lens-Finding-Challenge\Real Data pipeline\data\raw\probable\probable_0166.jpg,already_downloaded,,,,
probable_0167,NSCS J124455+172144,191.22712,17.36203,galaxy,probable,probable,1,https://www.legacysurvey.org/viewer/jpeg-cutout?ra=191.22712&dec=17.36203&layer=ls-dr10&size=128&pixscale=0.262,D:\MSc Data and Computational Science\Gravitational Lensing\Gravitational_Lensing_Project\projects-ahana-vaishnav-ahanabhattacharji-Strong-Gravitational-Lens-Finding-Challenge\Real Data pipeline\data\raw\probable\probable_0167.jpg,already_downloaded,,,,
probable_0168,NSCS J114653+415906,176.71867,41.98481,galaxy,probable,probable,1,https://www.legacysurvey.org/viewer/jpeg-cutout?ra=176.71867&dec=41.98481&layer=ls-dr10&size=128&pixscale=0.262,D:\MSc Data and Computational Science\Gravitational Lensing\Gravitational_Lensing_Project\projects-ahana-vaishnav-ahanabhattacharji-Strong-Gravitational-Lens-Finding-Challenge\Real Data pipeline\data\raw\probable\probable_0168.jpg,already_downloaded,,,,
probable_0169,J2313-3200 | 1661,348.45783,-32.00463,galaxy,probable,probable,1,https://www.legacysurvey.org/viewer/jpeg-cutout?ra=348.45783&dec=-32.00463&layer=ls-dr10&size=128&pixscale=0.262,D:\MSc Data and Computational Science\Gravitational Lensing\Gravitational_Lensing_Project\projects-ahana-vaishnav-ahanabhattacharji-Strong-Gravitational-Lens-Finding-Challenge\Real Data pipeline\data\raw\probable\probable_0169.jpg,already_downloaded,,,,
probable_0170,RXJ0911  ,137.86042,5.83736,galaxy,probable,probable,1,https://www.legacysurvey.org/viewer/jpeg-cutout?ra=137.86042&dec=5.83736&layer=ls-dr10&size=128&pixscale=0.262,D:\MSc Data and Computational Science\Gravitational Lensing\Gravitational_Lensing_Project\projects-ahana-vaishnav-ahanabhattacharji-Strong-Gravitational-Lens-Finding-Challenge\Real Data pipeline\data\raw\probable\probable_0170.jpg,already_downloaded,,,,
probable_0171,RXC J0949.8+1707,147.46979,17.1298,galaxy,probable,probable,1,https://www.legacysurvey.org/viewer/jpeg-cutout?ra=147.46979&dec=17.1298&layer=ls-dr10&size=128&pixscale=0.262,D:\MSc Data and Computational Science\Gravitational Lensing\Gravitational_Lensing_Project\projects-ahana-vaishnav-ahanabhattacharji-Strong-Gravitational-Lens-Finding-Challenge\Real Data pipeline\data\raw\probable\probable_0171.jpg,already_downloaded,,,,
probable_0172,NSCS J124857+202151,192.23912,20.364,galaxy,probable,probable,1,https://www.legacysurvey.org/viewer/jpeg-cutout?ra=192.23912&dec=20.364&layer=ls-dr10&size=128&pixscale=0.262,D:\MSc Data and Computational Science\Gravitational Lensing\Gravitational_Lensing_Project\projects-ahana-vaishnav-ahanabhattacharji-Strong-Gravitational-Lens-Finding-Challenge\Real Data pipeline\data\raw\probable\probable_0172.jpg,already_downloaded,,,,
probable_0173,NSCS J143349+332955,218.45517,33.49851,galaxy,probable,probable,1,https://www.legacysurvey.org/viewer/jpeg-cutout?ra=218.45517&dec=33.49851&layer=ls-dr10&size=128&pixscale=0.262,D:\MSc Data and Computational Science\Gravitational Lensing\Gravitational_Lensing_Project\projects-ahana-vaishnav-ahanabhattacharji-Strong-Gravitational-Lens-Finding-Challenge\Real Data pipeline\data\raw\probable\probable_0173.jpg,already_downloaded,,,,
probable_0174,GC0943   ,145.92792,48.08419,galaxy,probable,probable,1,https://www.legacysurvey.org/viewer/jpeg-cutout?ra=145.92792&dec=48.08419&layer=ls-dr10&size=128&pixscale=0.262,D:\MSc Data and Computational Science\Gravitational Lensing\Gravitational_Lensing_Project\projects-ahana-vaishnav-ahanabhattacharji-Strong-Gravitational-Lens-Finding-Challenge\Real Data pipeline\data\raw\probable\probable_0174.jpg,already_downloaded,,,,
probable_0175,PS1J2307-1024,346.975,-10.40389,galaxy,probable,probable,1,https://www.legacysurvey.org/viewer/jpeg-cutout?ra=346.975&dec=-10.40389&layer=ls-dr10&size=128&pixscale=0.262,D:\MSc Data and Computational Science\Gravitational Lensing\Gravitational_Lensing_Project\projects-ahana-vaishnav-ahanabhattacharji-Strong-Gravitational-Lens-Finding-Challenge\Real Data pipeline\data\raw\probable\probable_0175.jpg,already_downloaded,,,,
probable_0176,J0840+0206 | 1677,130.04742,2.10251,galaxy,probable,probable,1,https://www.legacysurvey.org/viewer/jpeg-cutout?ra=130.04742&dec=2.10251&layer=ls-dr10&size=128&pixscale=0.262,D:\MSc Data and Computational Science\Gravitational Lensing\Gravitational_Lensing_Project\projects-ahana-vaishnav-ahanabhattacharji-Strong-Gravitational-Lens-Finding-Challenge\Real Data pipeline\data\raw\probable\probable_0176.jpg,already_downloaded,,,,
probable_0177,NSCS J132152+042957,200.46567,4.499,galaxy,probable,probable,1,https://www.legacysurvey.org/viewer/jpeg-cutout?ra=200.46567&dec=4.499&layer=ls-dr10&size=128&pixscale=0.262,D:\MSc Data and Computational Science\Gravitational Lensing\Gravitational_Lensing_Project\projects-ahana-vaishnav-ahanabhattacharji-Strong-Gravitational-Lens-Finding-Challenge\Real Data pipeline\data\raw\probable\probable_0177.jpg,already_downloaded,,,,
probable_0178,646,196.19292,-12.45972,galaxy,probable,probable,1,https://www.legacysurvey.org/viewer/jpeg-cutout?ra=196.19292&dec=-12.45972&layer=ls-dr10&size=128&pixscale=0.262,D:\MSc Data and Computational Science\Gravitational Lensing\Gravitational_Lensing_Project\projects-ahana-vaishnav-ahanabhattacharji-Strong-Gravitational-Lens-Finding-Challenge\Real Data pipeline\data\raw\probable\probable_0178.jpg,already_downloaded,,,,
probable_0179,DESI-086.9182-57.9798,86.91817,-57.97983,galaxy,probable,probable,1,https://www.legacysurvey.org/viewer/jpeg-cutout?ra=86.91817&dec=-57.97983&layer=ls-dr10&size=128&pixscale=0.262,D:\MSc Data and Computational Science\Gravitational Lensing\Gravitational_Lensing_Project\projects-ahana-vaishnav-ahanabhattacharji-Strong-Gravitational-Lens-Finding-Challenge\Real Data pipeline\data\raw\probable\probable_0179.jpg,already_downloaded,,,,
probable_0180,NSCS J140430+104020,211.12537,10.67196,galaxy,probable,probable,1,https://www.legacysurvey.org/viewer/jpeg-cutout?ra=211.12537&dec=10.67196&layer=ls-dr10&size=128&pixscale=0.262,D:\MSc Data and Computational Science\Gravitational Lensing\Gravitational_Lensing_Project\projects-ahana-vaishnav-ahanabhattacharji-Strong-Gravitational-Lens-Finding-Challenge\Real Data pipeline\data\raw\probable\probable_0180.jpg,already_downloaded,,,,
probable_0181,NSCS J140158+655030,210.48975,65.84141,galaxy,probable,probable,1,https://www.legacysurvey.org/viewer/jpeg-cutout?ra=210.48975&dec=65.84141&layer=ls-dr10&size=128&pixscale=0.262,D:\MSc Data and Computational Science\Gravitational Lensing\Gravitational_Lensing_Project\projects-ahana-vaishnav-ahanabhattacharji-Strong-Gravitational-Lens-Finding-Challenge\Real Data pipeline\data\raw\probable\probable_0181.jpg,already_downloaded,,,,
probable_0182,224758+020648,341.993724,2.113595,galaxy,probable,probable,1,https://www.legacysurvey.org/viewer/jpeg-cutout?ra=341.993724&dec=2.113595&layer=ls-dr10&size=128&pixscale=0.262,D:\MSc Data and Computational Science\Gravitational Lensing\Gravitational_Lensing_Project\projects-ahana-vaishnav-ahanabhattacharji-Strong-Gravitational-Lens-Finding-Challenge\Real Data pipeline\data\raw\probable\probable_0182.jpg,already_downloaded,,,,
probable_0183,DESI-208.9997+19.7239,208.99971,19.7239,galaxy,probable,probable,1,https://www.legacysurvey.org/viewer/jpeg-cutout?ra=208.99971&dec=19.7239&layer=ls-dr10&size=128&pixscale=0.262,D:\MSc Data and Computational Science\Gravitational Lensing\Gravitational_Lensing_Project\projects-ahana-vaishnav-ahanabhattacharji-Strong-Gravitational-Lens-Finding-Challenge\Real Data pipeline\data\raw\probable\probable_0183.jpg,already_downloaded,,,,
probable_0184,141744+002150,214.43543,0.36413,galaxy,probable,probable,1,https://www.legacysurvey.org/viewer/jpeg-cutout?ra=214.43543&dec=0.36413&layer=ls-dr10&size=128&pixscale=0.262,D:\MSc Data and Computational Science\Gravitational Lensing\Gravitational_Lensing_Project\projects-ahana-vaishnav-ahanabhattacharji-Strong-Gravitational-Lens-Finding-Challenge\Real Data pipeline\data\raw\probable\probable_0184.jpg,already_downloaded,,,,
probable_0185,NSCS J111432+332522,168.63337,33.42268,galaxy,probable,probable,1,https://www.legacysurvey.org/viewer/jpeg-cutout?ra=168.63337&dec=33.42268&layer=ls-dr10&size=128&pixscale=0.262,D:\MSc Data and Computational Science\Gravitational Lensing\Gravitational_Lensing_Project\projects-ahana-vaishnav-ahanabhattacharji-Strong-Gravitational-Lens-Finding-Challenge\Real Data pipeline\data\raw\probable\probable_0185.jpg,already_downloaded,,,,
probable_0186,NSCS J135223+355918,208.09408,35.98806,galaxy,probable,probable,1,https://www.legacysurvey.org/viewer/jpeg-cutout?ra=208.09408&dec=35.98806&layer=ls-dr10&size=128&pixscale=0.262,D:\MSc Data and Computational Science\Gravitational Lensing\Gravitational_Lensing_Project\projects-ahana-vaishnav-ahanabhattacharji-Strong-Gravitational-Lens-Finding-Challenge\Real Data pipeline\data\raw\probable\probable_0186.jpg,already_downloaded,,,,
probable_0187,DESI-033.7026-24.8797,33.70258,-24.8797,galaxy,probable,probable,1,https://www.legacysurvey.org/viewer/jpeg-cutout?ra=33.70258&dec=-24.8797&layer=ls-dr10&size=128&pixscale=0.262,D:\MSc Data and Computational Science\Gravitational Lensing\Gravitational_Lensing_Project\projects-ahana-vaishnav-ahanabhattacharji-Strong-Gravitational-Lens-Finding-Challenge\Real Data pipeline\data\raw\probable\probable_0187.jpg,already_downloaded,,,,
probable_0188,NSCS J002850+063108,7.207,6.51884,galaxy,probable,probable,1,https://www.legacysurvey.org/viewer/jpeg-cutout?ra=7.207&dec=6.51884&layer=ls-dr10&size=128&pixscale=0.262,D:\MSc Data and Computational Science\Gravitational Lensing\Gravitational_Lensing_Project\projects-ahana-vaishnav-ahanabhattacharji-Strong-Gravitational-Lens-Finding-Challenge\Real Data pipeline\data\raw\probable\probable_0188.jpg,already_downloaded,,,,
probable_0189,155814+423707,239.56111,42.618835,galaxy,probable,probable,1,https://www.legacysurvey.org/viewer/jpeg-cutout?ra=239.56111&dec=42.618835&layer=ls-dr10&size=128&pixscale=0.262,D:\MSc Data and Computational Science\Gravitational Lensing\Gravitational_Lensing_Project\projects-ahana-vaishnav-ahanabhattacharji-Strong-Gravitational-Lens-Finding-Challenge\Real Data pipeline\data\raw\probable\probable_0189.jpg,already_downloaded,,,,
probable_0190,RCS J132412+3024.2,201.05375,30.40361,galaxy,probable,probable,1,https://www.legacysurvey.org/viewer/jpeg-cutout?ra=201.05375&dec=30.40361&layer=ls-dr10&size=128&pixscale=0.262,D:\MSc Data and Computational Science\Gravitational Lensing\Gravitational_Lensing_Project\projects-ahana-vaishnav-ahanabhattacharji-Strong-Gravitational-Lens-Finding-Challenge\Real Data pipeline\data\raw\probable\probable_0190.jpg,already_downloaded,,,,
probable_0191,J0311-3744,47.87375,-37.74178,galaxy,probable,probable,1,https://www.legacysurvey.org/viewer/jpeg-cutout?ra=47.87375&dec=-37.74178&layer=ls-dr10&size=128&pixscale=0.262,D:\MSc Data and Computational Science\Gravitational Lensing\Gravitational_Lensing_Project\projects-ahana-vaishnav-ahanabhattacharji-Strong-Gravitational-Lens-Finding-Challenge\Real Data pipeline\data\raw\probable\probable_0191.jpg,already_downloaded,,,,
probable_0192,2204179,37.91183,-35.75196,galaxy,probable,probable,1,https://www.legacysurvey.org/viewer/jpeg-cutout?ra=37.91183&dec=-35.75196&layer=ls-dr10&size=128&pixscale=0.262,D:\MSc Data and Computational Science\Gravitational Lensing\Gravitational_Lensing_Project\projects-ahana-vaishnav-ahanabhattacharji-Strong-Gravitational-Lens-Finding-Challenge\Real Data pipeline\data\raw\probable\probable_0192.jpg,already_downloaded,,,,
probable_0193,092038+010007,140.1611,1.0019,galaxy,probable,probable,1,https://www.legacysurvey.org/viewer/jpeg-cutout?ra=140.1611&dec=1.0019&layer=ls-dr10&size=128&pixscale=0.262,D:\MSc Data and Computational Science\Gravitational Lensing\Gravitational_Lensing_Project\projects-ahana-vaishnav-ahanabhattacharji-Strong-Gravitational-Lens-Finding-Challenge\Real Data pipeline\data\raw\probable\probable_0193.jpg,already_downloaded,,,,
probable_0194,SCSO J232423-565705,351.09583,-56.95139,galaxy,probable,probable,1,https://www.legacysurvey.org/viewer/jpeg-cutout?ra=351.09583&dec=-56.95139&layer=ls-dr10&size=128&pixscale=0.262,D:\MSc Data and Computational Science\Gravitational Lensing\Gravitational_Lensing_Project\projects-ahana-vaishnav-ahanabhattacharji-Strong-Gravitational-Lens-Finding-Challenge\Real Data pipeline\data\raw\probable\probable_0194.jpg,already_downloaded,,,,
probable_0195,134805-013231,207.02148,-1.542142,galaxy,probable,probable,1,https://www.legacysurvey.org/viewer/jpeg-cutout?ra=207.02148&dec=-1.542142&layer=ls-dr10&size=128&pixscale=0.262,D:\MSc Data and Computational Science\Gravitational Lensing\Gravitational_Lensing_Project\projects-ahana-vaishnav-ahanabhattacharji-Strong-Gravitational-Lens-Finding-Challenge\Real Data pipeline\data\raw\probable\probable_0195.jpg,already_downloaded,,,,
probable_0196,DELJ125154-222735,192.97846,-22.45984,galaxy,probable,probable,1,https://www.legacysurvey.org/viewer/jpeg-cutout?ra=192.97846&dec=-22.45984&layer=ls-dr10&size=128&pixscale=0.262,D:\MSc Data and Computational Science\Gravitational Lensing\Gravitational_Lensing_Project\projects-ahana-vaishnav-ahanabhattacharji-Strong-Gravitational-Lens-Finding-Challenge\Real Data pipeline\data\raw\probable\probable_0196.jpg,already_downloaded,,,,
probable_0197,NSCS J142110+443603,215.293,44.60077,galaxy,probable,probable,1,https://www.legacysurvey.org/viewer/jpeg-cutout?ra=215.293&dec=44.60077&layer=ls-dr10&size=128&pixscale=0.262,D:\MSc Data and Computational Science\Gravitational Lensing\Gravitational_Lensing_Project\projects-ahana-vaishnav-ahanabhattacharji-Strong-Gravitational-Lens-Finding-Challenge\Real Data pipeline\data\raw\probable\probable_0197.jpg,already_downloaded,,,,
probable_0198,NSCS J111855+153423,169.727,15.57301,galaxy,probable,probable,1,https://www.legacysurvey.org/viewer/jpeg-cutout?ra=169.727&dec=15.57301&layer=ls-dr10&size=128&pixscale=0.262,D:\MSc Data and Computational Science\Gravitational Lensing\Gravitational_Lensing_Project\projects-ahana-vaishnav-ahanabhattacharji-Strong-Gravitational-Lens-Finding-Challenge\Real Data pipeline\data\raw\probable\probable_0198.jpg,already_downloaded,,,,
probable_0199,SDSSJ075902.52+441705.0,119.76054,44.28474,galaxy,probable,probable,1,https://www.legacysurvey.org/viewer/jpeg-cutout?ra=119.76054&dec=44.28474&layer=ls-dr10&size=128&pixscale=0.262,D:\MSc Data and Computational Science\Gravitational Lensing\Gravitational_Lensing_Project\projects-ahana-vaishnav-ahanabhattacharji-Strong-Gravitational-Lens-Finding-Challenge\Real Data pipeline\data\raw\probable\probable_0199.jpg,already_downloaded,,,,
probable_0200,DESI-024.7188-16.8552,24.71879,-16.8552,galaxy,probable,probable,1,https://www.legacysurvey.org/viewer/jpeg-cutout?ra=24.71879&dec=-16.8552&layer=ls-dr10&size=128&pixscale=0.262,D:\MSc Data and Computational Science\Gravitational Lensing\Gravitational_Lensing_Project\projects-ahana-vaishnav-ahanabhattacharji-Strong-Gravitational-Lens-Finding-Challenge\Real Data pipeline\data\raw\probable\probable_0200.jpg,already_downloaded,,,,
probable_0201,J0611-3741,92.84725,-37.69227,galaxy,probable,probable,1,https://www.legacysurvey.org/viewer/jpeg-cutout?ra=92.84725&dec=-37.69227&layer=ls-dr10&size=128&pixscale=0.262,D:\MSc Data and Computational Science\Gravitational Lensing\Gravitational_Lensing_Project\projects-ahana-vaishnav-ahanabhattacharji-Strong-Gravitational-Lens-Finding-Challenge\Real Data pipeline\data\raw\probable\probable_0201.jpg,already_downloaded,,,,
probable_0202,NSCS J125015+084022,192.56025,8.6726,galaxy,probable,probable,1,https://www.legacysurvey.org/viewer/jpeg-cutout?ra=192.56025&dec=8.6726&layer=ls-dr10&size=128&pixscale=0.262,D:\MSc Data and Computational Science\Gravitational Lensing\Gravitational_Lensing_Project\projects-ahana-vaishnav-ahanabhattacharji-Strong-Gravitational-Lens-Finding-Challenge\Real Data pipeline\data\raw\probable\probable_0202.jpg,already_downloaded,,,,
probable_0203,J1428-0052 | 3091,217.08358,-0.87218,galaxy,probable,probable,1,https://www.legacysurvey.org/viewer/jpeg-cutout?ra=217.08358&dec=-0.87218&layer=ls-dr10&size=128&pixscale=0.262,D:\MSc Data and Computational Science\Gravitational Lensing\Gravitational_Lensing_Project\projects-ahana-vaishnav-ahanabhattacharji-Strong-Gravitational-Lens-Finding-Challenge\Real Data pipeline\data\raw\probable\probable_0203.jpg,already_downloaded,,,,
probable_0204,DESI-065.1230-18.9865,65.123,-18.98647,galaxy,probable,probable,1,https://www.legacysurvey.org/viewer/jpeg-cutout?ra=65.123&dec=-18.98647&layer=ls-dr10&size=128&pixscale=0.262,D:\MSc Data and Computational Science\Gravitational Lensing\Gravitational_Lensing_Project\projects-ahana-vaishnav-ahanabhattacharji-Strong-Gravitational-Lens-Finding-Challenge\Real Data pipeline\data\raw\probable\probable_0204.jpg,already_downloaded,,,,
probable_0205,020053-035750,30.22262,-3.96402,galaxy,probable,probable,1,https://www.legacysurvey.org/viewer/jpeg-cutout?ra=30.22262&dec=-3.96402&layer=ls-dr10&size=128&pixscale=0.262,D:\MSc Data and Computational Science\Gravitational Lensing\Gravitational_Lensing_Project\projects-ahana-vaishnav-ahanabhattacharji-Strong-Gravitational-Lens-Finding-Challenge\Real Data pipeline\data\raw\probable\probable_0205.jpg,already_downloaded,,,,
probable_0206,645 | J0844+2952,131.19046,29.86722,galaxy,probable,probable,1,https://www.legacysurvey.org/viewer/jpeg-cutout?ra=131.19046&dec=29.86722&layer=ls-dr10&size=128&pixscale=0.262,D:\MSc Data and Computational Science\Gravitational Lensing\Gravitational_Lensing_Project\projects-ahana-vaishnav-ahanabhattacharji-Strong-Gravitational-Lens-Finding-Challenge\Real Data pipeline\data\raw\probable\probable_0206.jpg,already_downloaded,,,,
probable_0207,DESI-018.3214+12.9617,18.32142,12.96174,galaxy,probable,probable,1,https://www.legacysurvey.org/viewer/jpeg-cutout?ra=18.32142&dec=12.96174&layer=ls-dr10&size=128&pixscale=0.262,D:\MSc Data and Computational Science\Gravitational Lensing\Gravitational_Lensing_Project\projects-ahana-vaishnav-ahanabhattacharji-Strong-Gravitational-Lens-Finding-Challenge\Real Data pipeline\data\raw\probable\probable_0207.jpg,already_downloaded,,,,
probable_0208,NSCS J013023+091432,22.59521,9.24199,galaxy,probable,probable,1,https://www.legacysurvey.org/viewer/jpeg-cutout?ra=22.59521&dec=9.24199&layer=ls-dr10&size=128&pixscale=0.262,D:\MSc Data and Computational Science\Gravitational Lensing\Gravitational_Lensing_Project\projects-ahana-vaishnav-ahanabhattacharji-Strong-Gravitational-Lens-Finding-Challenge\Real Data pipeline\data\raw\probable\probable_0208.jpg,already_downloaded,,,,
probable_0209,J0900+0224 | 320,135.01479,2.4079,galaxy,probable,probable,1,https://www.legacysurvey.org/viewer/jpeg-cutout?ra=135.01479&dec=2.4079&layer=ls-dr10&size=128&pixscale=0.262,D:\MSc Data and Computational Science\Gravitational Lensing\Gravitational_Lensing_Project\projects-ahana-vaishnav-ahanabhattacharji-Strong-Gravitational-Lens-Finding-Challenge\Real Data pipeline\data\raw\probable\probable_0209.jpg,already_downloaded,,,,
probable_0210,NSCS J124618+262643,191.57621,26.44523,galaxy,probable,probable,1,https://www.legacysurvey.org/viewer/jpeg-cutout?ra=191.57621&dec=26.44523&layer=ls-dr10&size=128&pixscale=0.262,D:\MSc Data and Computational Science\Gravitational Lensing\Gravitational_Lensing_Project\projects-ahana-vaishnav-ahanabhattacharji-Strong-Gravitational-Lens-Finding-Challenge\Real Data pipeline\data\raw\probable\probable_0210.jpg,already_downloaded,,,,
probable_0211,DESI-185.6232-07.6971,185.62325,-7.69705,galaxy,probable,probable,1,https://www.legacysurvey.org/viewer/jpeg-cutout?ra=185.62325&dec=-7.69705&layer=ls-dr10&size=128&pixscale=0.262,D:\MSc Data and Computational Science\Gravitational Lensing\Gravitational_Lensing_Project\projects-ahana-vaishnav-ahanabhattacharji-Strong-Gravitational-Lens-Finding-Challenge\Real Data pipeline\data\raw\probable\probable_0211.jpg,already_downloaded,,,,
probable_0212,NSCS J143545+594647,218.93592,59.77947,galaxy,probable,probable,1,https://www.legacysurvey.org/viewer/jpeg-cutout?ra=218.93592&dec=59.77947&layer=ls-dr10&size=128&pixscale=0.262,D:\MSc Data and Computational Science\Gravitational Lensing\Gravitational_Lensing_Project\projects-ahana-vaishnav-ahanabhattacharji-Strong-Gravitational-Lens-Finding-Challenge\Real Data pipeline\data\raw\probable\probable_0212.jpg,already_downloaded,,,,
probable_0213,NSCS J143740+241054,219.41662,24.18156,galaxy,probable,probable,1,https://www.legacysurvey.org/viewer/jpeg-cutout?ra=219.41662&dec=24.18156&layer=ls-dr10&size=128&pixscale=0.262,D:\MSc Data and Computational Science\Gravitational Lensing\Gravitational_Lensing_Project\projects-ahana-vaishnav-ahanabhattacharji-Strong-Gravitational-Lens-Finding-Challenge\Real Data pipeline\data\raw\probable\probable_0213.jpg,already_downloaded,,,,
probable_0214,NSCS J135741+303724,209.41867,30.62319,galaxy,probable,probable,1,https://www.legacysurvey.org/viewer/jpeg-cutout?ra=209.41867&dec=30.62319&layer=ls-dr10&size=128&pixscale=0.262,D:\MSc Data and Computational Science\Gravitational Lensing\Gravitational_Lensing_Project\projects-ahana-vaishnav-ahanabhattacharji-Strong-Gravitational-Lens-Finding-Challenge\Real Data pipeline\data\raw\probable\probable_0214.jpg,already_downloaded,,,,
probable_0215,36408346,166.37962,2.9601,galaxy,probable,probable,1,https://www.legacysurvey.org/viewer/jpeg-cutout?ra=166.37962&dec=2.9601&layer=ls-dr10&size=128&pixscale=0.262,D:\MSc Data and Computational Science\Gravitational Lensing\Gravitational_Lensing_Project\projects-ahana-vaishnav-ahanabhattacharji-Strong-Gravitational-Lens-Finding-Challenge\Real Data pipeline\data\raw\probable\probable_0215.jpg,already_downloaded,,,,
probable_0216,NSCS J232607-011538,351.52767,-1.26078,galaxy,probable,probable,1,https://www.legacysurvey.org/viewer/jpeg-cutout?ra=351.52767&dec=-1.26078&layer=ls-dr10&size=128&pixscale=0.262,D:\MSc Data and Computational Science\Gravitational Lensing\Gravitational_Lensing_Project\projects-ahana-vaishnav-ahanabhattacharji-Strong-Gravitational-Lens-Finding-Challenge\Real Data pipeline\data\raw\probable\probable_0216.jpg,already_downloaded,,,,
probable_0217,J0452-5018,73.18963,-50.31128,galaxy,probable,probable,1,https://www.legacysurvey.org/viewer/jpeg-cutout?ra=73.18963&dec=-50.31128&layer=ls-dr10&size=128&pixscale=0.262,D:\MSc Data and Computational Science\Gravitational Lensing\Gravitational_Lensing_Project\projects-ahana-vaishnav-ahanabhattacharji-Strong-Gravitational-Lens-Finding-Challenge\Real Data pipeline\data\raw\probable\probable_0217.jpg,already_downloaded,,,,
probable_0218,DELJ125708-080602,194.284,-8.1007,galaxy,probable,probable,1,https://www.legacysurvey.org/viewer/jpeg-cutout?ra=194.284&dec=-8.1007&layer=ls-dr10&size=128&pixscale=0.262,D:\MSc Data and Computational Science\Gravitational Lensing\Gravitational_Lensing_Project\projects-ahana-vaishnav-ahanabhattacharji-Strong-Gravitational-Lens-Finding-Challenge\Real Data pipeline\data\raw\probable\probable_0218.jpg,already_downloaded,,,,
probable_0219,NSCS J154703+512627,236.7605,51.4406,galaxy,probable,probable,1,https://www.legacysurvey.org/viewer/jpeg-cutout?ra=236.7605&dec=51.4406&layer=ls-dr10&size=128&pixscale=0.262,D:\MSc Data and Computational Science\Gravitational Lensing\Gravitational_Lensing_Project\projects-ahana-vaishnav-ahanabhattacharji-Strong-Gravitational-Lens-Finding-Challenge\Real Data pipeline\data\raw\probable\probable_0219.jpg,already_downloaded,,,,
probable_0220,J1517+0032 | 1456,229.47837,0.53718,galaxy,probable,probable,1,https://www.legacysurvey.org/viewer/jpeg-cutout?ra=229.47837&dec=0.53718&layer=ls-dr10&size=128&pixscale=0.262,D:\MSc Data and Computational Science\Gravitational Lensing\Gravitational_Lensing_Project\projects-ahana-vaishnav-ahanabhattacharji-Strong-Gravitational-Lens-Finding-Challenge\Real Data pipeline\data\raw\probable\probable_0220.jpg,already_downloaded,,,,
probable_0221,DESI-102.6560+48.4895 | 8455256,102.65596,48.48951,galaxy,probable,probable,1,https://www.legacysurvey.org/viewer/jpeg-cutout?ra=102.65596&dec=48.48951&layer=ls-dr10&size=128&pixscale=0.262,D:\MSc Data and Computational Science\Gravitational Lensing\Gravitational_Lensing_Project\projects-ahana-vaishnav-ahanabhattacharji-Strong-Gravitational-Lens-Finding-Challenge\Real Data pipeline\data\raw\probable\probable_0221.jpg,already_downloaded,,,,
probable_0222,DELJ161619-354847,244.08004,-35.81314,galaxy,probable,probable,1,https://www.legacysurvey.org/viewer/jpeg-cutout?ra=244.08004&dec=-35.81314&layer=ls-dr10&size=128&pixscale=0.262,D:\MSc Data and Computational Science\Gravitational Lensing\Gravitational_Lensing_Project\projects-ahana-vaishnav-ahanabhattacharji-Strong-Gravitational-Lens-Finding-Challenge\Real Data pipeline\data\raw\probable\probable_0222.jpg,already_downloaded,,,,
probable_0223,1246803,173.86512,71.73673,galaxy,probable,probable,1,https://www.legacysurvey.org/viewer/jpeg-cutout?ra=173.86512&dec=71.73673&layer=ls-dr10&size=128&pixscale=0.262,D:\MSc Data and Computational Science\Gravitational Lensing\Gravitational_Lensing_Project\projects-ahana-vaishnav-ahanabhattacharji-Strong-Gravitational-Lens-Finding-Challenge\Real Data pipeline\data\raw\probable\probable_0223.jpg,already_downloaded,,,,
probable_0224,RXCJ0738.1-7506,114.5375,-75.10667,galaxy,probable,probable,1,https://www.legacysurvey.org/viewer/jpeg-cutout?ra=114.5375&dec=-75.10667&layer=ls-dr10&size=128&pixscale=0.262,D:\MSc Data and Computational Science\Gravitational Lensing\Gravitational_Lensing_Project\projects-ahana-vaishnav-ahanabhattacharji-Strong-Gravitational-Lens-Finding-Challenge\Real Data pipeline\data\raw\probable\probable_0224.jpg,already_downloaded,,,,
probable_0225,NSCS J121923+350350,184.84767,35.06361,galaxy,probable,probable,1,https://www.legacysurvey.org/viewer/jpeg-cutout?ra=184.84767&dec=35.06361&layer=ls-dr10&size=128&pixscale=0.262,D:\MSc Data and Computational Science\Gravitational Lensing\Gravitational_Lensing_Project\projects-ahana-vaishnav-ahanabhattacharji-Strong-Gravitational-Lens-Finding-Challenge\Real Data pipeline\data\raw\probable\probable_0225.jpg,already_downloaded,,,,
probable_0226,NSCS J131616+070222,199.0655,7.0393,galaxy,probable,probable,1,https://www.legacysurvey.org/viewer/jpeg-cutout?ra=199.0655&dec=7.0393&layer=ls-dr10&size=128&pixscale=0.262,D:\MSc Data and Computational Science\Gravitational Lensing\Gravitational_Lensing_Project\projects-ahana-vaishnav-ahanabhattacharji-Strong-Gravitational-Lens-Finding-Challenge\Real Data pipeline\data\raw\probable\probable_0226.jpg,already_downloaded,,,,
probable_0227,NSCS J151050+341232,227.70912,34.20869,galaxy,probable,probable,1,https://www.legacysurvey.org/viewer/jpeg-cutout?ra=227.70912&dec=34.20869&layer=ls-dr10&size=128&pixscale=0.262,D:\MSc Data and Computational Science\Gravitational Lensing\Gravitational_Lensing_Project\projects-ahana-vaishnav-ahanabhattacharji-Strong-Gravitational-Lens-Finding-Challenge\Real Data pipeline\data\raw\probable\probable_0227.jpg,already_downloaded,,,,
probable_0228,NSCS J105951+512700,164.96421,51.44987,galaxy,probable,probable,1,https://www.legacysurvey.org/viewer/jpeg-cutout?ra=164.96421&dec=51.44987&layer=ls-dr10&size=128&pixscale=0.262,D:\MSc Data and Computational Science\Gravitational Lensing\Gravitational_Lensing_Project\projects-ahana-vaishnav-ahanabhattacharji-Strong-Gravitational-Lens-Finding-Challenge\Real Data pipeline\data\raw\probable\probable_0228.jpg,already_downloaded,,,,
probable_0229,NSCS J014010+015024,25.0405,1.83973,galaxy,probable,probable,1,https://www.legacysurvey.org/viewer/jpeg-cutout?ra=25.0405&dec=1.83973&layer=ls-dr10&size=128&pixscale=0.262,D:\MSc Data and Computational Science\Gravitational Lensing\Gravitational_Lensing_Project\projects-ahana-vaishnav-ahanabhattacharji-Strong-Gravitational-Lens-Finding-Challenge\Real Data pipeline\data\raw\probable\probable_0229.jpg,already_downloaded,,,,
probable_0230,746,202.20208,-11.68333,galaxy,probable,probable,1,https://www.legacysurvey.org/viewer/jpeg-cutout?ra=202.20208&dec=-11.68333&layer=ls-dr10&size=128&pixscale=0.262,D:\MSc Data and Computational Science\Gravitational Lensing\Gravitational_Lensing_Project\projects-ahana-vaishnav-ahanabhattacharji-Strong-Gravitational-Lens-Finding-Challenge\Real Data pipeline\data\raw\probable\probable_0230.jpg,already_downloaded,,,,
probable_0231,221222-001811,333.095,-0.3031,galaxy,probable,probable,1,https://www.legacysurvey.org/viewer/jpeg-cutout?ra=333.095&dec=-0.3031&layer=ls-dr10&size=128&pixscale=0.262,D:\MSc Data and Computational Science\Gravitational Lensing\Gravitational_Lensing_Project\projects-ahana-vaishnav-ahanabhattacharji-Strong-Gravitational-Lens-Finding-Challenge\Real Data pipeline\data\raw\probable\probable_0231.jpg,already_downloaded,,,,
probable_0232,NSCS J144212+303314,220.54921,30.55384,galaxy,probable,probable,1,https://www.legacysurvey.org/viewer/jpeg-cutout?ra=220.54921&dec=30.55384&layer=ls-dr10&size=128&pixscale=0.262,D:\MSc Data and Computational Science\Gravitational Lensing\Gravitational_Lensing_Project\projects-ahana-vaishnav-ahanabhattacharji-Strong-Gravitational-Lens-Finding-Challenge\Real Data pipeline\data\raw\probable\probable_0232.jpg,already_downloaded,,,,
probable_0233,NSCS J102018+290022,155.07604,29.00589,galaxy,probable,probable,1,https://www.legacysurvey.org/viewer/jpeg-cutout?ra=155.07604&dec=29.00589&layer=ls-dr10&size=128&pixscale=0.262,D:\MSc Data and Computational Science\Gravitational Lensing\Gravitational_Lensing_Project\projects-ahana-vaishnav-ahanabhattacharji-Strong-Gravitational-Lens-Finding-Challenge\Real Data pipeline\data\raw\probable\probable_0233.jpg,already_downloaded,,,,
probable_0234,MS2253.8+2036,344.06542,20.87391,galaxy,probable,probable,1,https://www.legacysurvey.org/viewer/jpeg-cutout?ra=344.06542&dec=20.87391&layer=ls-dr10&size=128&pixscale=0.262,D:\MSc Data and Computational Science\Gravitational Lensing\Gravitational_Lensing_Project\projects-ahana-vaishnav-ahanabhattacharji-Strong-Gravitational-Lens-Finding-Challenge\Real Data pipeline\data\raw\probable\probable_0234.jpg,already_downloaded,,,,
probable_0235,DESJ0138-4600,24.56271,-46.01312,galaxy,probable,probable,1,https://www.legacysurvey.org/viewer/jpeg-cutout?ra=24.56271&dec=-46.01312&layer=ls-dr10&size=128&pixscale=0.262,D:\MSc Data and Computational Science\Gravitational Lensing\Gravitational_Lensing_Project\projects-ahana-vaishnav-ahanabhattacharji-Strong-Gravitational-Lens-Finding-Challenge\Real Data pipeline\data\raw\probable\probable_0235.jpg,already_downloaded,,,,
probable_0236,4005-55325-923,196.34079,2.45681,galaxy,probable,probable,1,https://www.legacysurvey.org/viewer/jpeg-cutout?ra=196.34079&dec=2.45681&layer=ls-dr10&size=128&pixscale=0.262,D:\MSc Data and Computational Science\Gravitational Lensing\Gravitational_Lensing_Project\projects-ahana-vaishnav-ahanabhattacharji-Strong-Gravitational-Lens-Finding-Challenge\Real Data pipeline\data\raw\probable\probable_0236.jpg,already_downloaded,,,,
probable_0237,NSCS J123554+540918,188.97471,54.15493,galaxy,probable,probable,1,https://www.legacysurvey.org/viewer/jpeg-cutout?ra=188.97471&dec=54.15493&layer=ls-dr10&size=128&pixscale=0.262,D:\MSc Data and Computational Science\Gravitational Lensing\Gravitational_Lensing_Project\projects-ahana-vaishnav-ahanabhattacharji-Strong-Gravitational-Lens-Finding-Challenge\Real Data pipeline\data\raw\probable\probable_0237.jpg,already_downloaded,,,,
probable_0238,NSCS J105931+033153,164.88042,3.53123,galaxy,probable,probable,1,https://www.legacysurvey.org/viewer/jpeg-cutout?ra=164.88042&dec=3.53123&layer=ls-dr10&size=128&pixscale=0.262,D:\MSc Data and Computational Science\Gravitational Lensing\Gravitational_Lensing_Project\projects-ahana-vaishnav-ahanabhattacharji-Strong-Gravitational-Lens-Finding-Challenge\Real Data pipeline\data\raw\probable\probable_0238.jpg,already_downloaded,,,,
probable_0239,DESJ0433-2714,68.26475,-27.23982,galaxy,probable,probable,1,https://www.legacysurvey.org/viewer/jpeg-cutout?ra=68.26475&dec=-27.23982&layer=ls-dr10&size=128&pixscale=0.262,D:\MSc Data and Computational Science\Gravitational Lensing\Gravitational_Lensing_Project\projects-ahana-vaishnav-ahanabhattacharji-Strong-Gravitational-Lens-Finding-Challenge\Real Data pipeline\data\raw\probable\probable_0239.jpg,already_downloaded,,,,
probable_0240,DESI-354.7734-10.0155,354.77337,-10.01552,galaxy,probable,probable,1,https://www.legacysurvey.org/viewer/jpeg-cutout?ra=354.77337&dec=-10.01552&layer=ls-dr10&size=128&pixscale=0.262,D:\MSc Data and Computational Science\Gravitational Lensing\Gravitational_Lensing_Project\projects-ahana-vaishnav-ahanabhattacharji-Strong-Gravitational-Lens-Finding-Challenge\Real Data pipeline\data\raw\probable\probable_0240.jpg,already_downloaded,,,,
probable_0241,DELJ112255-404238,170.73033,-40.71061,galaxy,probable,probable,1,https://www.legacysurvey.org/viewer/jpeg-cutout?ra=170.73033&dec=-40.71061&layer=ls-dr10&size=128&pixscale=0.262,D:\MSc Data and Computational Science\Gravitational Lensing\Gravitational_Lensing_Project\projects-ahana-vaishnav-ahanabhattacharji-Strong-Gravitational-Lens-Finding-Challenge\Real Data pipeline\data\raw\probable\probable_0241.jpg,already_downloaded,,,,
probable_0242,NSCS J104106+155044,160.27575,15.84549,galaxy,probable,probable,1,https://www.legacysurvey.org/viewer/jpeg-cutout?ra=160.27575&dec=15.84549&layer=ls-dr10&size=128&pixscale=0.262,D:\MSc Data and Computational Science\Gravitational Lensing\Gravitational_Lensing_Project\projects-ahana-vaishnav-ahanabhattacharji-Strong-Gravitational-Lens-Finding-Challenge\Real Data pipeline\data\raw\probable\probable_0242.jpg,already_downloaded,,,,
probable_0243,SDSSJ143719.80+335056.1,219.33254,33.84893,galaxy,probable,probable,1,https://www.legacysurvey.org/viewer/jpeg-cutout?ra=219.33254&dec=33.84893&layer=ls-dr10&size=128&pixscale=0.262,D:\MSc Data and Computational Science\Gravitational Lensing\Gravitational_Lensing_Project\projects-ahana-vaishnav-ahanabhattacharji-Strong-Gravitational-Lens-Finding-Challenge\Real Data pipeline\data\raw\probable\probable_0243.jpg,already_downloaded,,,,
probable_0244,NSCS J154610+500539,236.54104,50.09399,galaxy,probable,probable,1,https://www.legacysurvey.org/viewer/jpeg-cutout?ra=236.54104&dec=50.09399&layer=ls-dr10&size=128&pixscale=0.262,D:\MSc Data and Computational Science\Gravitational Lensing\Gravitational_Lensing_Project\projects-ahana-vaishnav-ahanabhattacharji-Strong-Gravitational-Lens-Finding-Challenge\Real Data pipeline\data\raw\probable\probable_0244.jpg,already_downloaded,,,,
probable_0245,PS1J0708+5002,107.19583,50.04472,galaxy,probable,probable,1,https://www.legacysurvey.org/viewer/jpeg-cutout?ra=107.19583&dec=50.04472&layer=ls-dr10&size=128&pixscale=0.262,D:\MSc Data and Computational Science\Gravitational Lensing\Gravitational_Lensing_Project\projects-ahana-vaishnav-ahanabhattacharji-Strong-Gravitational-Lens-Finding-Challenge\Real Data pipeline\data\raw\probable\probable_0245.jpg,already_downloaded,,,,
probable_0246,SL2SJ142028+521303,215.12,52.21765,galaxy,probable,probable,1,https://www.legacysurvey.org/viewer/jpeg-cutout?ra=215.12&dec=52.21765&layer=ls-dr10&size=128&pixscale=0.262,D:\MSc Data and Computational Science\Gravitational Lensing\Gravitational_Lensing_Project\projects-ahana-vaishnav-ahanabhattacharji-Strong-Gravitational-Lens-Finding-Challenge\Real Data pipeline\data\raw\probable\probable_0246.jpg,already_downloaded,,,,
probable_0247,J1158-0040 | 34b,179.58275,-0.67791,galaxy,probable,probable,1,https://www.legacysurvey.org/viewer/jpeg-cutout?ra=179.58275&dec=-0.67791&layer=ls-dr10&size=128&pixscale=0.262,D:\MSc Data and Computational Science\Gravitational Lensing\Gravitational_Lensing_Project\projects-ahana-vaishnav-ahanabhattacharji-Strong-Gravitational-Lens-Finding-Challenge\Real Data pipeline\data\raw\probable\probable_0247.jpg,already_downloaded,,,,
probable_0248,NSCS J010245+001243,15.68617,0.21185,galaxy,probable,probable,1,https://www.legacysurvey.org/viewer/jpeg-cutout?ra=15.68617&dec=0.21185&layer=ls-dr10&size=128&pixscale=0.262,D:\MSc Data and Computational Science\Gravitational Lensing\Gravitational_Lensing_Project\projects-ahana-vaishnav-ahanabhattacharji-Strong-Gravitational-Lens-Finding-Challenge\Real Data pipeline\data\raw\probable\probable_0248.jpg,already_downloaded,,,,
probable_0249,13691796,13.78325,-27.40207,galaxy,probable,probable,1,https://www.legacysurvey.org/viewer/jpeg-cutout?ra=13.78325&dec=-27.40207&layer=ls-dr10&size=128&pixscale=0.262,D:\MSc Data and Computational Science\Gravitational Lensing\Gravitational_Lensing_Project\projects-ahana-vaishnav-ahanabhattacharji-Strong-Gravitational-Lens-Finding-Challenge\Real Data pipeline\data\raw\probable\probable_0249.jpg,already_downloaded,,,,
probable_0250,221605-003037,334.02273,-0.51032,galaxy,probable,probable,1,https://www.legacysurvey.org/viewer/jpeg-cutout?ra=334.02273&dec=-0.51032&layer=ls-dr10&size=128&pixscale=0.262,D:\MSc Data and Computational Science\Gravitational Lensing\Gravitational_Lensing_Project\projects-ahana-vaishnav-ahanabhattacharji-Strong-Gravitational-Lens-Finding-Challenge\Real Data pipeline\data\raw\probable\probable_0250.jpg,already_downloaded,,,,
